Project,Product Number,Product Desc,Lead Time Days
Boston,BP20,"Scrub brush, with Chlorhexidine gluconate, 4%",42
Haiti HUM Project,AA68,"Magnesium trisilicate 250 mg/aluminium hydroxide 120 mg, tablet",115
Haiti HUM Project,AD23,"Stockinette, Cotton, Nonsterile, 4in x 25yd",72
Haiti HUM Project,AF22,"Towel, OR, Sterile, 17in x 27in",93
Haiti HUM Project,AH81,"Folic acid, 5 mg, tablet",115
Haiti HUM Project,AU42,"Suture, Dermalon 4-0 (nylon), C-13, Reverse cutting, Monofilament, Non-absorbable, 18in",102
Haiti HUM Project,AX66,"Sodium chloride, 0.9 % intravenous infusion, 1000 mL bottle",130
Haiti HUM Project,AY47,"Controller, DEC3000 Service Replacement",72
Haiti HUM Project,BA69,"Cap, Bouffant, Spunbond, 21in",102
Haiti HUM Project,BF67,"Rain Suit, Large",102
Haiti HUM Project,BP20,"Scrub brush, with Chlorhexidine gluconate, 4%",88
Haiti HUM Project,BR43,"Gauze sponge 12 ply 10cm x 10cm USP Type VII Gauze, treated with Polyhexamethylene Biguanide (0.2%)",83
Haiti HUM Project,BV40,"Glove, Non-slip grip, Blue, Medium",102
Haiti HUM Project,BY45,"Suture, Sofsilk 3-0 (natural), CV-15, Taper, Braided, Non-absorbable, 30in",102
Haiti HUM Project,CB36,"Blade, General purpose, Cutter blade, Carbon steel, Sterile, Single-use, Size 21",72
Haiti HUM Project,CC25,"Sponge, Laparotomy, Sterile, 12in x 12in",88
Haiti HUM Project,CK73,"Anti-rabies vaccine, on vero cells, single dose + diluent",48
Haiti HUM Project,CK74,"Tongue depressor, Wood, Nonsterile, Disposable, 6in",72
Haiti HUM Project,CM22,"Tablet bag, Resealable, with Pictogram, 60mm x 80mm",90
Haiti HUM Project,CN98,"Gauze sponge, X-Ray, Sterile, 8in x 4in",72
Haiti HUM Project,CP98,"Tube, Endotracheal, Cuffed, Murphy eye, Magill curve, Nasal/oral, Sterile, 7mm",72
Haiti HUM Project,CR51,"Coombs control cells, for confirmation of negative antiglobulin tests, 10mL vial",44
Haiti HUM Project,CT63,"Suture, Dermalon 2-0 (nylon), C-15, Reverse cutting, Monofilament, Non-absorbable, 18in",102
Haiti HUM Project,CV39,"Suture, Chromic gut 5-0 (natural), C-1, Reverse cutting, Braided, Absorbable, 18in",102
Haiti HUM Project,CV95,"Packing strip, Iodoform 5%, Cotton, Sterile, 0.5in x 5yd",72
Haiti HUM Project,CX09,"Diode, 6 A",72
Haiti HUM Project,DK74,"Red blood cells reagent, Antibody detection (3-cell screen), 10mL vial",44
Haiti HUM Project,DN97,"Suture, Maxon 1 (polyglyconate), GS-24, Taper, Monofilament, Absorbable, 30in",102
Haiti HUM Project,DR19,"Stapler, Surgical, Skin, Single use, with 35 regular staples",102
Haiti HUM Project,DS83,"Quality control kit, for routine blood bank reagents, 2 vials x 11.5mL",44
Haiti HUM Project,DT24,"Shoecover, Non-skid, Nonsterile, Universal size",72
Haiti HUM Project,DU23,"Bin, Red,  3in",75
Haiti HUM Project,DX56,"Tube, Blood collection, Serum, Plastic, Red, 3mL (pediatric)",72
Haiti HUM Project,DZ21,"Needle, Hypodermic, Luer, 23G x 1in (0.60 x 25mm)",115
Haiti HUM Project,EF32,"Lancet, 26G needle, Fixed depth, 1.8mm ",72
Haiti HUM Project,EG82,"Urinal, Patient, Plastic",83
Haiti HUM Project,EN02,"Folic acid, 5 mg, tablet",115
Haiti HUM Project,EN51,"Patient warmer, Single-port",83
Haiti HUM Project,ER82,"Tablet bag, Resealable, with Pictogram, 80mm x 100mm",90
Haiti HUM Project,ET92,"Shoecover, Non-skid, Nonsterile, Extra large",87
Haiti HUM Project,FF02,"Suture, Polysorb 2-0 (lactomer), GS-22, Taper, Braided, Absorbable, 30in",102
Haiti HUM Project,FH18,"Nifedipine, 20 mg, extended release tablet",115
Haiti HUM Project,FJ69,Gauze sponge 8 ply 10cm x 10cm,83
Haiti HUM Project,FQ45,"Drape, Laparotomy T, Abdominal, Fenestrated, Sterile, 106in x 78in x 120in",81
Haiti HUM Project,FU87,"Cotton wool, 500g",130
Haiti HUM Project,FX50,"Drape, Minor procedure, Sterile, with Adhesive, 57cm x 66cm",72
Haiti HUM Project,GB76,"Suture, Reel, Polysorb 2-0 (lactomer), no needle, Braided, Absorbable, 98in",102
Haiti HUM Project,GC71,"Vest, Safety, Orange, Small-Medium",102
Haiti HUM Project,GF41,"Suture, Polysorb 3-0 (lactomer), CV-15, Taper, Braided, Absorbable, 30in",102
Haiti HUM Project,GG91,"Bandage, Elastic, with Clip, Nonsterile, 2in x 5yd",72
Haiti HUM Project,GS93,"Digoxin, 250 microgram, tablet",115
Haiti HUM Project,GU51,"Electrosurgical pencil, Single-use",81
Haiti HUM Project,HE14,"Anti-rabies serum, 1,000 international units/5mL, vial",48
Haiti HUM Project,HH76,"Phenytoin sodium, 100 mg, coated tablet",115
Haiti HUM Project,HJ43,"Hyoscine butylbromide, 10 mg",115
Haiti HUM Project,HQ36,"Suture, Dermalon 5-0 (nylon), C-1, Reverse cutting, Monofilament, Non-absorbable, 18in",102
Haiti HUM Project,HR36,"Body bag, Adult",102
Haiti HUM Project,HY03,"Suture, Chromic gut 4-0 (natural), C-13, Cutting, Braided, Absorbable, 30in",102
Haiti HUM Project,HY89,"Diaper, Adult, Medium",89
Haiti HUM Project,HZ81,"Tape, Steam indicator, 0.75in x 60yd",72
Haiti HUM Project,JA94,"Tube, Endotracheal, Cuffed, Murphy eye, Magill curve, Nasal/oral, Sterile, 7.5mm",72
Haiti HUM Project,JG06,"Needle counter, 10 capacity, Plastic, Sterile",76
Haiti HUM Project,JN98,"Suture, Reel, Sofsilk 0 (natural), no needle, Braided, Non-absorbable, 98in",102
Haiti HUM Project,JR55,Toys For Loune/ZB,75
Haiti HUM Project,JT94,"Drape, Laparotomy Transverse, Abdominal, Sterile, 100in x 72in x 120in",84
Haiti HUM Project,JU88,"Amitriptyline hydrochloride, 25 mg, coated tablet",115
Haiti HUM Project,KH34,"Glove, Exam, Latex-free, Powder-free, Nonsterile, Nitrile, Medium",72
Haiti HUM Project,KN70," Belt, Fan",72
Haiti HUM Project,KS93,"Sharps container insert, Horizontal entry lid, Clear, 3 gallon",85
Haiti HUM Project,KY61,"Tamoxifen, 20mg, tablet",45
Haiti HUM Project,MA26,"Ladder, Cart, Stock picking, 54 x 28 x 51 in",102
Haiti HUM Project,MB37,"Drainage Unit, Single chamber, Self-sealing sample ports, Sterile, 2500mL",72
Haiti HUM Project,ME55,"Suture, Reel, Sofsilk 3-0 (natural), no needle, Braided, Non-absorbable, 98in",102
Haiti HUM Project,MK65,Air Cleaner,72
Haiti HUM Project,MT57,"Vincristin, 1mg injection",45
Haiti HUM Project,NB20,"Needle, Hypodermic, Luer, 21G x 1.5in (0.80 x 40mm)",115
Haiti HUM Project,ND90,"Imatinib, 400mg, film coated tablet",49
Haiti HUM Project,NJ41,"Glove, Exam, Latex, Powdered, Nonsterile, Large",130
Haiti HUM Project,NK36,"Gauze, Conforming, Sterile, 4.5in x 4.1yd (Kerlix)",72
Haiti HUM Project,NM55,"Alcohol, Isopropyl 70%, 16oz",74
Haiti HUM Project,NY82,Large rolls gauze 6 ply 11.4cm x 3.7m stretched,83
Haiti HUM Project,NY94,"Helmet, Safety, Ratchet, Yellow",102
Haiti HUM Project,PB03,"Sodium chloride, 0.9 % intravenous infusion, 500 mL bottle",130
Haiti HUM Project,PD61,"Stapler, Surgical, for Bowel, Reloadable, 3.8mm",102
Haiti HUM Project,PE08,"Multivitamin syrup, 100mL bottle",115
Haiti HUM Project,PF10,"Table cover, Nonsterile, 44in x 90in",83
Haiti HUM Project,PF13,"Stockinette, Cotton, Sterile, 4in x 36in",72
Haiti HUM Project,PF37,"Dacarbazine, 200mg, vial",45
Haiti HUM Project,PJ83,"Ciprofloxacin, 500 mg",115
Haiti HUM Project,PN84,"Bin, Red, 7in",75
Haiti HUM Project,PP63,"Syringe, Hypodermic, Luer, 3-part, Single use, 20mL",115
Haiti HUM Project,PQ37,"Suture, Reel, Polysorb 3-0 (lactomer), no needle, Braided, Absorbable, 98in",102
Haiti HUM Project,PV32,"Ventilator, Compressor ",75
Haiti HUM Project,PX60,"Tube, Suction, Yankauer, Sterile, Non-Vented, Rigid, with Regular tip",72
Haiti HUM Project,PX64,"Catheter, Foley, 2-way, 5cc balloon, 10Fr, sterile",115
Haiti HUM Project,QA06,"Glove, Non-slip grip, Red, Small",102
Haiti HUM Project,QC86,"Suture, Polysorb 0 (lactomer), GS-25, Taper, Braided, Absorbable, 30in - PA ITILIZER - DUPLICATE",102
Haiti HUM Project,QG02,"Underpad, Tissue, 3 ply, 17in x 24in (chux)",72
Haiti HUM Project,QJ25,"Protein shake, 8oz",75
Haiti HUM Project,QM12,"Suture, Surgigut plain 3-0 (natural), C-13, Reverse cutting, Braided, Absorbable, 3in",102
Haiti HUM Project,QP96,"Suture, Biosyn 3-0 (glycomer), C-14, Reverse cutting, Monofilament, Absorbable, 30in",102
Haiti HUM Project,QS17,"Electrode, ECG monitoring, Nonradiolucent, Foam backing, 1.4375in X 1.656in, Adult",72
Haiti HUM Project,QU64,"Red blood cell reagent, Reverse grouping, for confirmation of ABO serum grouping, A1 and B, 10mL vial",44
Haiti HUM Project,QY10,"Suture, Maxon 0 (polyglyconate), GS-24, Taper, Monofilament, Absorbable, 30in",102
Haiti HUM Project,RB24,"Povidone iodine, 10 % solution, 200 mL bottle",115
Haiti HUM Project,RC21,"Paper, ECG",81
Haiti HUM Project,RD94,"Glove, Exam, Latex, Powdered, Nonsterile, Medium",130
Haiti HUM Project,RG92,"Applicator, Cotton tip, Wood shaft, Nonsterile, 6in",72
Haiti HUM Project,RN48,"Vincristin, 1mg injection",45
Haiti HUM Project,RT40,"Dexamethasone, 8mg, tablet",45
Haiti HUM Project,RU04,"Glove, Non-slip grip, Black, Large",102
Haiti HUM Project,RX67,"Pad, Combine ABD, Sterile, 5in x 9in",72
Haiti HUM Project,SD18,"Suture, Sofsilk 4-0 (natural), CV-15, Taper, Braided, Non-absorbable, 30in ",102
Haiti HUM Project,SM53,"Fuel Filter, Secondary",72
Haiti HUM Project,SM88,"Vest, Safety, Orange, Large-XL",102
Haiti HUM Project,SN02,"Suture, Chromic gut 2-0 (natural), GS-24, Taper, Braided, Absorbable, 36in",102
Haiti HUM Project,SP53,"Leucovorin Calcium, 50mg injection",45
Haiti HUM Project,SR70,"Blade, Scalpel, Sterile, Single-use, Size 15",72
Haiti HUM Project,SS86,"Suture, Polysorb 5-0 (lactomer), C-12, Reverse cutting, Braided, Absorbable, 30in",102
Haiti HUM Project,SS94,"Syringe, Hypodermic, Luer, 2-part, Sterile, Single use, 5mL",115
Haiti HUM Project,SX59,"Catheter, IV, with wings and injection port, 18G x 1.75in",115
Haiti HUM Project,SZ58,"SUTURE, CHROMIC GUT 3-0 (NATURAL), GS-22, Taper, BRAIDED, ABSORBABLE, 30IN",102
Haiti HUM Project,TH19,"Vitamin B-12, 500 microgram/mL, 2 mL ampoule",115
Haiti HUM Project,TH64,"Drape, Orthopedic, U-Drape, Sterile, 60in x 72in",87
Haiti HUM Project,TQ12,"Loading unit, for Surgical bowel stapler, with Titanium staples, Single use, 3.8mm",102
Haiti HUM Project,TY66,"Barium sulfate, 2.1% Oral suspension, 250mL bottle",72
Haiti HUM Project,UC08,"Wound closure strips, 0.1in x 3in (3mm x 75mm)",115
Haiti HUM Project,UE56,"Dextrose 5 %, intravenous infusion, 1000 mL bottle",130
Haiti HUM Project,UG27,"Suture, Sofsilk 2-0 (natural), C-16, Reverse cutting, Braided, Non-absorbable, 18in",102
Haiti HUM Project,UK14,"Carboplatin, 450mg/45ml Injection",45
Haiti HUM Project,UN69,"Cable, Fiber Optic, spool",62
Haiti HUM Project,UP41,"Blade, Scalpel, Sterile, Single-use, Size 10",72
Haiti HUM Project,UP90,"Boots, Rubber, Size 12",102
Haiti HUM Project,UQ39,"Needle, Hypodermic, Luer, 25G x 0.625in (0.50 x 16mm)",115
Haiti HUM Project,UR74,"Cisplatin, 50 mg injection ",45
Haiti HUM Project,UU25,"Administration set, IV solution, Gravity, 60 drops/mL, with 110in tubing",72
Haiti HUM Project,UU66,"Needle, Hypodermic, Luer, 21G x 1.5in (0.80 x 40mm)",115
Haiti HUM Project,VB83,"Glove, Exam, Latex-free, Powder-free, Nonsterile, Nitrile, Large",87
Haiti HUM Project,VB94,"Blanket, Mult-position, for patient warmer",83
Haiti HUM Project,VC75,"Suture, Biosyn 4-0 (glycomer), C-13, Reverse cutting, Monofilament, Absorbable, 30in",102
Haiti HUM Project,VE27,"Vitamin B compound, tablet",115
Haiti HUM Project,VF92,"Suture, Reel, Polysorb 0 (lactomer), no needle, Braided, Absorbable, 60in ",102
Haiti HUM Project,VM07,"Container, with Cap, for Sputum or urine, Single use, 30-35mL",115
Haiti HUM Project,VM09,"Dextrose 5 %, intravenous infusion, 500 mL bottle",130
Haiti HUM Project,VP18,"Diaper, Newborn, 6-10 lbs",75
Haiti HUM Project,VR64,"Tube, Vacuum, ESR, Plastic",72
Haiti HUM Project,VX56,"Catheter, Foley, 2-way, 10cc balloon, 16Fr, sterile",115
Haiti HUM Project,VY71,Oil Filter,72
Haiti HUM Project,VZ41,"Wound drain kit,  with Bulb evacuator and trocar, Flat, 3/4 perforated, Sterile, 10mm",75
Haiti HUM Project,XN53,"Carbamazepine, 200 mg, film coated tablet",115
Haiti HUM Project,XV06,"Medication Organizer, For Crash Carts",75
Haiti HUM Project,XY23,"Bin, Red, 7in- Extra Wide-16.5in",75
Haiti HUM Project,XY26,"Paper, Fetal chart, Red grid, 50-210 BPM, for use with GE Corometrics monitors ",72
Haiti HUM Project,YC12,"Suture, Monosof 1 (nylon), GCC-90, Conventional cutting, Monofilament, Non-absorbable, 40in",102
Haiti HUM Project,YF49,"Suture, Chromic gut 2-0 (natural), C-14, Cutting, Braided, Absorbable, 30in",102
Haiti HUM Project,YH15,"Tubing, Suction, 0.1875in x 10ft",72
Haiti HUM Project,YM84,"Blade, General purpose, Carbon steel, Sterile, Size 20",72
Haiti HUM Project,YN83,"Mask, Surgical",87
Haiti HUM Project,ZB53,"Clotrimazole, 500 mg, vaginal tablet with applicator",115
Haiti HUM Project,ZB92,"Blade, Scalpel, Sterile, Single-use, Size 11",72
Haiti HUM Project,ZC45,"Needle, Hypodermic, Luer, 21G x 1.5in (0.80 x 40mm)",115
Haiti HUM Project,ZF41,Gauze sponge 12 ply 10cm x 10cm,83
Haiti HUM Project,ZG16,"Suture, Dermalon 3-0 (nylon), C-13, Reverse cutting, Monofilament, Non-absorbable, 18in",102
Haiti HUM Project,ZH28,"Doxoribucin, 50mg injection",45
Haiti HUM Project,ZT14,"Bleomycin, 15 units, vial",45
Haiti PAP Project,AA14,"Needle, 27G x 1.5 in, Sterile",135
Haiti PAP Project,AA30,"Mask, Oxygen, Nonrebreather, Pediatric",90
Haiti PAP Project,AA70,"Oral rehydration salts (ORS), 20.5 gram (for 1 litre) sachet",98
Haiti PAP Project,AB17,"Printer paper, for Pima CD4 analyzer",115
Haiti PAP Project,AB39,"Light box, X-ray, 45in x 45in",67
Haiti PAP Project,AB58,"Zolmitriptan, 2.5mg, tablet",81
Haiti PAP Project,AC11,"Bin, Sharps, Horizontal entry, 2 gal",135
Haiti PAP Project,AC59,"Catheter, Thoracic, Straight, Sterile, 32Fr x 20in",65
Haiti PAP Project,AD19,"Bandage, Self-adhesive, Nonsterile, 4in x 5yd",90
Haiti PAP Project,AD32,Stethoscope,80
Haiti PAP Project,AD40,"Tube, Endotracheal, Cuffed, Murphy eye, Magill curve, Nasal/oral, Sterile, 6.5mm",65
Haiti PAP Project,AE16,Promethazine HCl 25 mg coated,74
Haiti PAP Project,AF22,"Towel, OR, Sterile, 17in x 27in",70
Haiti PAP Project,AF40,"Syringe only, 3 mL, with Luer-lok tip",135
Haiti PAP Project,AF92,"Furosemide, 40 mg",135
Haiti PAP Project,AG95,"Sealant, Capillary tube",64
Haiti PAP Project,AH35,"Benzylpenicillin, 5 million international units, powder for injection",115
Haiti PAP Project,AH87,"Glove, Exam, Latex, Powdered, Nonsterile, Medium",78
Haiti PAP Project,AJ78,"Retractor, Endocervical, Kogan with ratchet, 4-8mm",65
Haiti PAP Project,AK26,Glucose Meter Test Control Strips,135
Haiti PAP Project,AK91,"Tube, Endotracheal, Cuffed, Murphy eye, Magill curve, Nasal/oral, Sterile, 6mm",65
Haiti PAP Project,AM19,"Glasses, Mixed",77
Haiti PAP Project,AM80,"Table, Exam, Wood, 32in x 24in x 72in",67
Haiti PAP Project,AN68,"Gown, Surgical, Disposable, Non-reinforced, Sterile, Small",81
Haiti PAP Project,AP80,"Adrenaline 100 micrograms/mL, 10 mL prefilled syringe",98
Haiti PAP Project,AR62,"Monitor, ECG, Portable",135
Haiti PAP Project,AS05,"Glove, Surgical, Contains latex, Powdered, Sterile, Latex, Size 7.5",90
Haiti PAP Project,AS37,"Tube, Blood collection, Serum, Red, Plastic, 3mL (pediatric)",62
Haiti PAP Project,AS68,"Scale, Metal, Weight and height measuring",67
Haiti PAP Project,AS90,Blood glucose monitoring system ,135
Haiti PAP Project,AT97,"Breathing circuit, with filter, 2 limb, Unheated, 1L breathing bag, 60in, Pediatric",65
Haiti PAP Project,AU22,"Penlight, Disposable, White light",135
Haiti PAP Project,AU58,"Tips, Pipette, Hinged Rack 10X96",80
Haiti PAP Project,AU86,"Clindamycin phosphate, 150 mg base /mL, 4 mL ampoule",98
Haiti PAP Project,AV85,"Cannula, Nasal, 7ft, Pediatric",90
Haiti PAP Project,AX66,"Sodium chloride, 0.9 % intravenous infusion, 1000 mL bottle",106
Haiti PAP Project,AX91,9mm x 260mm Standard Nail,65
Haiti PAP Project,AY63,"Wax Ribbon, 4.30in X 244 ft, for Label printer",84
Haiti PAP Project,AZ03,"Chloroquine phosphate (base), 150 mg, tablet",74
Haiti PAP Project,AZ18,"Sensor, Finger, SpO2, Adult, Nellcor D-25",68
Haiti PAP Project,AZ87,"Zebra Z-Select 4000T Labels (4.00 inch x 1.50 inch, 1790 labels/roll), single roll",87
Haiti PAP Project,BA03,"Bag, Infectious waste, 24in x 32in",65
Haiti PAP Project,BA69,"Cap, Bouffant, Spunbond, 21in",70
Haiti PAP Project,BC87,"Pulse Oximeter, Handheld, Rad 57",68
Haiti PAP Project,BD05,"Compressor, Nebulizer, Compact",135
Haiti PAP Project,BD10,"Electrode tip, Ball, 3mm",65
Haiti PAP Project,BE92,"Pad, Cervical Collar Replacement",80
Haiti PAP Project,BF33,"Light Shield, for Pulse Oximeter",68
Haiti PAP Project,BG11,"Stand, IV, 5 legged",135
Haiti PAP Project,BG36,"Bin, Sharps, 5.4 qt",135
Haiti PAP Project,BH06,"Acetaminophen, 325 mg",135
Haiti PAP Project,BH17,"Thermometer, Oral, Digital",65
Haiti PAP Project,BN01,"Cylinder, Graduated, Polyproylene, 250mL",65
Haiti PAP Project,BN69,Gamma GT (Liquid),42
Haiti PAP Project,BP20,"Scrub brush, with Chlorhexidine gluconate, 4%",68
Haiti PAP Project,BP21,"Methyldopa 250 mg, film coated",74
Haiti PAP Project,BP25,"Bottle, Plastic",82
Haiti PAP Project,BP30,GE MAC 1200 ECG Machine,68
Haiti PAP Project,BP84,"Basin, Kidney, Polypropylene, 20cm, 475mL",98
Haiti PAP Project,BQ81,"Azithromycin, 250mg, film-coated tablet",97
Haiti PAP Project,BQ92,"Bandage, Plaster of Paris, 5cm x 2.7m (2in x 3yds)",98
Haiti PAP Project,BR50,"Adapter, Metered dose inhaler",90
Haiti PAP Project,BR71,9mm x 300mm Standard Nail,65
Haiti PAP Project,BT06,Hematology Calibrator CGC-Cal Plus,42
Haiti PAP Project,BU09,"Pump, IV, Infusion, Syringe, System",68
Haiti PAP Project,BX62,"Pad, Non-Adherent, Sterile, 3in x 4in (7.5cm x 10cm)",135
Haiti PAP Project,BY45,"Suture, Sofsilk 3-0 (natural), CV-15, Taper, Braided, Non-absorbable, 30in",59
Haiti PAP Project,BY73,"Tips, Pipet, Graduated, 100 to 1250 UL",80
Haiti PAP Project,BZ12,"Tape, Surgical, Transparent, Nonsterile, 2in x 10yd",90
Haiti PAP Project,BZ95,"Tube, Stomach, Sterile, 16Fr, 125cm",81
Haiti PAP Project,CA12,"Test kit, Chlorine, Analysis, Drinking water, 10mL",100
Haiti PAP Project,CA48,"Chlorhexidine Gluconate, 4% solution, 32oz",90
Haiti PAP Project,CA56,"Spot Bandage, round, 7/8""",64
Haiti PAP Project,CA62,"Mask, Nebulizer, with 84in (2.1m) oxygen tubing, Adult",90
Haiti PAP Project,CB21,"Protective skin barrier, Pectin-based, 2oz.",77
Haiti PAP Project,CB46,"Monitor, Blood Pressure",80
Haiti PAP Project,CB75,"Suture, Surgipro 2-0, C-30, Cutting, 30 in",135
Haiti PAP Project,CC25,"Sponge, Laparotomy, Sterile, 12in x 12in",70
Haiti PAP Project,CD05,Griseofulvin 500 mg,74
Haiti PAP Project,CD61,"Suture, Ticron 0 (polyester coated), GS-22, Taper, Braided, Non-absorbable, 30in",78
Haiti PAP Project,CD74,"Catheter, Thoracic, Straight, Sterile, 16Fr x 20in",65
Haiti PAP Project,CE56,"Needle, Blood collection, Multi-sample, 21G x 1.5in",83
Haiti PAP Project,CE75,"Detergent, Multi-tiered Enzymatic, With Rust Inhibitors, 5 gallon",77
Haiti PAP Project,CF16,"Screen, Privacy, 3 Panel, Aluminum Folding ",68
Haiti PAP Project,CF22,"Salbutamol sulphate, 2.5mg nebuliser liquid, 2.5mL ",81
Haiti PAP Project,CF79,"Motor, 15hp, for grinder",59
Haiti PAP Project,CJ89,"Cleaner, Lens, Anti-fog, 103 mL",73
Haiti PAP Project,CJ96,"Cartridge, Dialysis With Injection Ports",59
Haiti PAP Project,CK08,"Rack, Microcentrifuge, 4 way",80
Haiti PAP Project,CK20,"Mask, Oxygen, Medium concentration, Standard, with 80in tubing, Single-use, Adult",90
Haiti PAP Project,CK24,"Warmer, Disposable, for Dialysis, MLA, 9 lines",59
Haiti PAP Project,CK60,"Dressing, Non-adherent, 3 in x 4 in",135
Haiti PAP Project,CM22,"Tablet bag, Resealable, with Pictogram, 60mm x 80mm",74
Haiti PAP Project,CN01,"Bandage, Self-adhesive, Nonsterile, 6in x 5yd",90
Haiti PAP Project,CN02,PSA,42
Haiti PAP Project,CN39,"Ibuprofen, Children, 100 mg/5 mL, 120 mL, Berry",135
Haiti PAP Project,CN76,"Water, Purified, USP, 5 mL, Calibration Standard",73
Haiti PAP Project,CN98,"Gauze sponge, X-Ray, Sterile, 8in x 4in",80
Haiti PAP Project,CP66,"X-ray film 35x43cm, blue sensitive, non-interleaved",74
Haiti PAP Project,CP81,"Cabinet, Flammables, 4 gallon",80
Haiti PAP Project,CP91,E-Z cleanser,42
Haiti PAP Project,CR46,"Scrub, Antiseptic, Surgical, Rinseless, Brushless, 70% Ethyl Alcohol, 32 oz",135
Haiti PAP Project,CR51,"Coombs control cells, for confirmation of negative antiglobulin tests, 10mL vial",42
Haiti PAP Project,CS54,"Aspirin, 325 mg",135
Haiti PAP Project,CT25,"Blade, Laryngoscope, McIntosh, Size 1, Baby",98
Haiti PAP Project,CT61,Condom,80
Haiti PAP Project,CT63,"Suture, Dermalon 2-0 (nylon), C-15, Reverse cutting, Monofilament, Non-absorbable, 18in",59
Haiti PAP Project,CU02,"Backboard, High density polyethylene, 16in x 72in",59
Haiti PAP Project,CU06,"Tube, Centrifuge, 50Ml",80
Haiti PAP Project,CU38,"Sponge, Gauze, Cotton, 12 ply, Nonsterile, 2in x 2in (5cm x 5cm)",90
Haiti PAP Project,CU90,"Cart, Ring Binder, 20 Binder Capacity",80
Haiti PAP Project,CV36,Personal item,87
Haiti PAP Project,CV64,"Flask, Erlenmeyer, Borosilicate glass, Reusable, Wide-mouth, 50 mL",73
Haiti PAP Project,CX08,"Emulsifier, Trancendim 180",100
Haiti PAP Project,CX88,"Sodium chloride, 0.9%, 10 mL",135
Haiti PAP Project,CX91,"Duffle Bag, Oxygen Transport",80
Haiti PAP Project,CZ19,"Pulse Oximeter, Finger",62
Haiti PAP Project,CZ63,"Crash cart, Adult",77
Haiti PAP Project,CZ71,"Tubing, Suction, 18in (46in)",65
Haiti PAP Project,DA88,"Needle, Spinal, for injection and lumbal punction, Quincke tip, 25G x 2.5in (0.5 x 60mm)",90
Haiti PAP Project,DC42,"Ultrasound machine, Imaging system",90
Haiti PAP Project,DC68,"Razor, Twin blade, Nonsterile, Single-use",65
Haiti PAP Project,DD03,"Levofloxacin, 500mg",135
Haiti PAP Project,DD91,"Table, Physical therapy, Manual, High-Low",67
Haiti PAP Project,DE32,"Tube, Culture, Glass, Disposable, Plain end, Round bottom, 12mm x 75mm (test tube)",77
Haiti PAP Project,DE38,"Sphygmomanometer, Anaeroid, with adult cuff, 300mm Hg",98
Haiti PAP Project,DF74,"Tube, Blood collection, Serum, Red, Plastic, 6mL ",64
Haiti PAP Project,DH53,"Tube, Endotracheal, Cuffed, Murphy eye, Magill curve, Nasal/oral, Sterile, 8mm",65
Haiti PAP Project,DH57,Valleylab Electrosurgical Generator,68
Haiti PAP Project,DJ30,"Tube, Blood collection, Serum, Lavender, 2ml",96
Haiti PAP Project,DJ65,"Pipette tip, 5mL",64
Haiti PAP Project,DJ81,"Scale, Adult",100
Haiti PAP Project,DJ83,"Acetaminophen, 500 mg",135
Haiti PAP Project,DK60,"Drape, Fenestrated, 44in x 60in",59
Haiti PAP Project,DK74,"Red blood cells reagent, Antibody detection (3-cell screen), 10mL vial",42
Haiti PAP Project,DK75,"Brush, Adaptable to container",96
Haiti PAP Project,DK92,"Sterilization pouch, Self seal, 5.25in x 10in",90
Haiti PAP Project,DM58,"Mesalazine, 500mg, tablet",115
Haiti PAP Project,DM76,"Oxytocin, 5 IU/ml, Injection",69
Haiti PAP Project,DN47,"Scrub brush, with Chlorhexidine gluconate 4%, 25mL",65
Haiti PAP Project,DN97,"Suture, Maxon 1 (polyglyconate), GS-24, Taper, Monofilament, Absorbable, 30in",59
Haiti PAP Project,DP16,Chloroquine phosphate 242 mg (150 mg base) tablet,98
Haiti PAP Project,DP78,"Bag, Infuser, 1000mL",90
Haiti PAP Project,DQ19,"Scale, Baby",67
Haiti PAP Project,DQ24,"Nystatin 100.000 iu/ml oral suspension, 30 ml",75
Haiti PAP Project,DR12,"Bar, Soap, Antibacterial",135
Haiti PAP Project,DR31,"Handbook,  Accompagnateur Facilitator Manual",96
Haiti PAP Project,DR39,"Flurbiprofen sodium, 0.03%, 2.5 mL",135
Haiti PAP Project,DR95,Ibuprofen 200mg,135
Haiti PAP Project,DS83,"Quality control kit, for routine blood bank reagents, 2 vials x 11.5mL",42
Haiti PAP Project,DT08,"Basin, Kidney, Polypropylene, 21 cm, 825 ml, Autoclavable",98
Haiti PAP Project,DT24,"Shoecover, Non-skid, Nonsterile, Universal size",80
Haiti PAP Project,DT67,"Pump, Sewage, Submersible, 0.5HP, 60Hz, 115V, 5 in, 14.5 MA",67
Haiti PAP Project,DU01,"Catheter, Thoracic, Straight, Sterile, 12Fr x 20in",65
Haiti PAP Project,DU77,Oximax Durasensor DS-100A Adult Oxygen Sensor,68
Haiti PAP Project,DU89,"Spoon, 10 ml, 180 mm, Stainless steel",73
Haiti PAP Project,DV37,Chloride Standard,42
Haiti PAP Project,DX52,"Broth, Lauryl sulphate mug, E. Coli/Coliforms, 500 g",73
Haiti PAP Project,DY57,"Sphygmomanometer, Aneroid, with Floor stand",98
Haiti PAP Project,DY75,"Dressing, Hemostat, Absorbable, 0.5in x 2in",65
Haiti PAP Project,DY93,Series IV Step Screw 4.5mm x 60mm,65
Haiti PAP Project,DZ31,"Monitor, Blood Draw Calibration Weight",100
Haiti PAP Project,DZ41,"Tube, Endotracheal, Cuffed, Murphy eye, Magill curve, Nasal/oral, Sterile, 4mm",65
Haiti PAP Project,EB60,"Glove, Surgical, Contains latex, Powdered, Sterile, Latex, Size 6.5",90
Haiti PAP Project,EC17,"Rack, ESR, Polystyrene, 10 place",70
Haiti PAP Project,ED47,"Transfer Board, 22 in x 72 in",59
Haiti PAP Project,ED98,"Eye irrigation system, One size fits most, 6in tubing",65
Haiti PAP Project,EJ50,"Ceftriaxone, 250 mg, powder for injection",98
Haiti PAP Project,EJ79,"Sodium Azide, 25g",64
Haiti PAP Project,EK41,"Syringe only, 3mL",135
Haiti PAP Project,EK46,"Bulb, Spare, for McIntosh laryngoscope",98
Haiti PAP Project,EK50,BUN Standard,42
Haiti PAP Project,EM29,"Pipet, Starter Kit ",80
Haiti PAP Project,EM42,"Bead standard, for Pima CD4 analyzer",115
Haiti PAP Project,EN09,"Suture, Polysorb 1 (lactomer), GS-25, Taper, Braided, Absorbable, 36in",59
Haiti PAP Project,EN60,"Tape measure, 150 cm",98
Haiti PAP Project,EN90,"Bottle, Polypropylene, 15mL, Autoclavable",96
Haiti PAP Project,EP50,"Cyclophosphamide, 200mg, vial",49
Haiti PAP Project,EQ93,"Textbooks, For Mirebalais Library",100
Haiti PAP Project,ER16,"Media, Agar, TCBS, Dehydrated, 500g",96
Haiti PAP Project,ES02,"Tube, Centrifuge, 50Ml Blue Cap",80
Haiti PAP Project,ES35,"Collar, Cervical, Immobilizer, Miami J, 6mo-2yr",59
Haiti PAP Project,ET68,"Cimetidine, 200 mg, tablet",98
Haiti PAP Project,ET79,"Catheter, IV, with wings and injection port, 24G x 0.75in (pediatric)",81
Haiti PAP Project,ET92,"Shoecover, Non-skid, Nonsterile, Extra large",90
Haiti PAP Project,EU59,"Blade, Laryngoscope, Miller, Size 1, Baby",98
Haiti PAP Project,EU76,9mm x 380mm Standard Nail,65
Haiti PAP Project,EV15,"Stethoscope, Dual head, Latex-free",135
Haiti PAP Project,EV26,"Bloodgrouping serum anti A+B, (monoclonal), 10 mL bottle",52
Haiti PAP Project,EX10,"Aciclovir, 250 mg, injectable",98
Haiti PAP Project,EX43,"Bandage, Elastic, with Clip, Nonsterile, 6in x 5yd",90
Haiti PAP Project,EX51,"Potassium Chloride, 1 KG",80
Haiti PAP Project,EZ03,"Sphygmomanometer, Anaeroid, Adult large",62
Haiti PAP Project,EZ14,"Paracetamol, 500 mg, tablet",74
Haiti PAP Project,EZ44,"X-Ray machine, Portable, SPSL, HF, 4.0 Anatomically programmed radiography",67
Haiti PAP Project,EZ45,"Dextrose, 50%, 50 mL",135
Haiti PAP Project,EZ85,Hyoscine butylbromide 10 mg,102
Haiti PAP Project,FA57,"Needle, Intraosseous infusion, 18G",90
Haiti PAP Project,FB13,"Glove, Surgical, Contains latex, Powdered, Sterile, Latex, Size 7",90
Haiti PAP Project,FB40,IV Pole,68
Haiti PAP Project,FC36,Cefazolin 1 gram for injection,115
Haiti PAP Project,FC43,"Cover glass, for microscope slide, No. 2, 22mm, 1oz (100-116 pieces) ",82
Haiti PAP Project,FD08,"Glutaraldehyde, 24%-26% in water ",64
Haiti PAP Project,FD96,"Tape, Insertion, for Measuring arm circumference",98
Haiti PAP Project,FE97,"Catheter, Foley, 2-way, 5cc balloon, 6Fr, sterile",98
Haiti PAP Project,FF02,"Suture, Polysorb 2-0 (lactomer), GS-22, Taper, Braided, Absorbable, 30in",59
Haiti PAP Project,FF20,"Wall Mount, Wipes Disinfectant",59
Haiti PAP Project,FF29,"Colostomy barrier, 1.75in flange, 1-1.25in stoma",65
Haiti PAP Project,FF49,"Vial, Cryogenic Storage, 1.2 Ml",80
Haiti PAP Project,FH52,"Otoscope Set, Diagnostic, Includes Accessories",80
Haiti PAP Project,FH56,"Test tube, Disposable, Plain end, Round bottom, Borosilicate glass, 16mm x 100mm",96
Haiti PAP Project,FH63,"Bulb, Pipette, Rubber, 3 valves, 50 ml",73
Haiti PAP Project,FJ00,"Bilirubin, Direct",42
Haiti PAP Project,FJ98,"Tips, Pipet, Graduated, 100 to 1250 UL",80
Haiti PAP Project,FK50,"Control, CD4, for FACSCount",48
Haiti PAP Project,FK68,"Glove, Protective, Nitrile, size 7",65
Haiti PAP Project,FK75,"Amoxicillin, 250 mg/ 5 mL, powder for suspension, 100 mL bottle",98
Haiti PAP Project,FK99,9mm x 360mm Standard Nail,65
Haiti PAP Project,FM08,"Vinblastine Sulphate, 1mg/mL, 10mL vial",49
Haiti PAP Project,FM14,"Thermometer, Digital",100
Haiti PAP Project,FM48,"Pan, Sterilizing, Polypropylene, 9.5L",96
Haiti PAP Project,FQ06,"Glycine, 500g",80
Haiti PAP Project,FQ35,"Tape, Surgical, Waterproof, Non-sterile, 2 in x 10 yd",135
Haiti PAP Project,FQ45,"Drape, Laparotomy T, Abdominal, Fenestrated, Sterile, 106in x 78in x 120in",82
Haiti PAP Project,FQ74,Children's Acetaminophen 160mg/5mL Cherry 120mL,135
Haiti PAP Project,FR45,"Microscope, Forward Binocular Stereo ",80
Haiti PAP Project,FR85,"Sterilization Pouch, 4in X 8in ",77
Haiti PAP Project,FS43,"Gloves, Exam, Latex, Medium",135
Haiti PAP Project,FS90,"Hyoscine butylbromide, 20 mg/mL, 1 mL ampoule ",81
Haiti PAP Project,FT21,Series IV Step Screw 4.5mm x 50mm,65
Haiti PAP Project,FT22,"Glove, Exam, Latex-free, Powder-free, Nonsterile, Nitrile, Small",90
Haiti PAP Project,FT70,"Apron, Protective, Disposable",77
Haiti PAP Project,FU10,"Pipette, Serological, 5mL, Disposable",96
Haiti PAP Project,FU54,Alkaline Phosphatase (Liquid),42
Haiti PAP Project,FV32,"Silver sulfadiazine, 1%, 50g",135
Haiti PAP Project,FV41,"Co-trimoxazole 480 mg/ 5 ml, for injection",102
Haiti PAP Project,FV42,8mm x 260mm Standard Nail,65
Haiti PAP Project,FX13,Donated Goods for Jackie Williams- Paint,90
Haiti PAP Project,FX39,"Suture, Polysorb 3-0 (lactomer), C-14, Cutting, Braided, Absorbable, 30in",59
Haiti PAP Project,FX50,"Drape, Minor procedure, Sterile, with Adhesive, 57cm x 66cm",80
Haiti PAP Project,FZ60,"Collar, Cervical, Immobilizer, Aspen",59
Haiti PAP Project,FZ85,"Gloves, Exam, Non-latex, Medium",135
Haiti PAP Project,GA10,"Slides, Miocroscopy, Glasstic, Slide 10",80
Haiti PAP Project,GB08,9mm x 340mm Standard Nail,65
Haiti PAP Project,GB18,"Resuscitator, with Bag, Disposable, Pediatric",65
Haiti PAP Project,GB76,"Suture, Reel, Polysorb 2-0 (lactomer), no needle, Braided, Absorbable, 98in",72
Haiti PAP Project,GB82,"Paper, Lens cleaning, 50 sheets per book",64
Haiti PAP Project,GC10,"Ear curette, Single-use, 4mm",65
Haiti PAP Project,GC11,"Collar, Cervical, Immobilizer, Miami J, Adult",59
Haiti PAP Project,GC63,"Glove, Exam, Latex, Powdered, Nonsterile, Small",98
Haiti PAP Project,GD99,"Sleeve, Nitrile, Oval port, 10 in",65
Haiti PAP Project,GE07,"Handpiece, Miniature head, Bur tool, 4 hole",100
Haiti PAP Project,GE70,"Blade, Laryngoscope, McIntosh, Size 0, Baby",98
Haiti PAP Project,GF17,"Lamp, Safelight, 7.5 Watt",84
Haiti PAP Project,GF41,"Suture, Polysorb 3-0 (lactomer), CV-15, Taper, Braided, Absorbable, 30in",59
Haiti PAP Project,GG17,"Bandage, Plaster of Paris, 20cm x 2.7m (8in x 3yds)",68
Haiti PAP Project,GH55,"Eye Protector, Phototherapy, Hook and loop fasteners, Newborn",90
Haiti PAP Project,GJ04,"Table, Procedure",100
Haiti PAP Project,GJ55,"Suture, Ticron 3-0 (polyester coated), CV-301, Taper, Braided, Non-absorbable, 30in ",78
Haiti PAP Project,GJ71,"Dimethyl Sulfoxide, 500ml",80
Haiti PAP Project,GK61,"Catheter kit, Dialysis, Straight, 15cm",59
Haiti PAP Project,GK64,"Gown, Surgical, Sterile, Disposable, Non-reinforced, Latex Free, Extra Large",77
Haiti PAP Project,GM47,"Kit, Preparation, IV site, Sterile",135
Haiti PAP Project,GN39,"Film, X Ray, 14in x 17in, Blue sensitive",100
Haiti PAP Project,GP43,"Gauze, Petrolatum, Sterile, 3in x 9in",90
Haiti PAP Project,GP65,"Cyclophosphamide, 1000mg, injection",49
Haiti PAP Project,GP68,"Tube, Capillary, Microhematocrit, Nonheparinized, 75mm",78
Haiti PAP Project,GP71,"Ephedrine hydrochloride, 30 mg/mL, 1 mL ampoule",98
Haiti PAP Project,GP74,"Hand sanitizer, 8 oz with holder",59
Haiti PAP Project,GP75,"Bandage, Elastic, with Clip, Nonsterile, 4in x 5yd",90
Haiti PAP Project,GP98,"Wire, Stainless Steel, Orthodontic, 14in x 0.040in",100
Haiti PAP Project,GR52,"Blade, Laryngoscope, McIntosh, Size 2, Child",98
Haiti PAP Project,GR70,"Undergarments, Plastic, Extra large",90
Haiti PAP Project,GS59,Urodynamics Sysyem,100
Haiti PAP Project,GS78,"Tube, Centrifuge, 15Ml",80
Haiti PAP Project,GS97,"Cannula, Nasal, 7ft, Infant",90
Haiti PAP Project,GT83,"Table, Exam, 39in x 27in x 54in, Brown",67
Haiti PAP Project,GU51,"Electrosurgical pencil, Single-use",65
Haiti PAP Project,GU81,"Filter, Bacterial/viral, combined with Heat Moisture Exchanger (HME), with Sampling port, for children 16-80lbs",65
Haiti PAP Project,HA81,"Insulin neutral/actrapid (human) 100 internatinal units/mL, 10 mL vial",52
Haiti PAP Project,HB81,"Flumazenil, 100 micrograms /mL, 5 mL ampoule",98
Haiti PAP Project,HC20,Electrolyte Supplement 1L Fruit ,135
Haiti PAP Project,HC37,"Bag, Biohazard, Autoclavable, Red, 19x23in",96
Haiti PAP Project,HC72,"Sponge, Gauze, 12 Ply, Sterile, 4in x 4in (10cm x 10cm)",98
Haiti PAP Project,HC74,"Collar, Cervical, Immobilizer, Miami J, 2-6yr",59
Haiti PAP Project,HD53,"Timer, Digital",96
Haiti PAP Project,HD76,"Suture, Surgipro 2-0, C-18, Cutting, 18 in",135
Haiti PAP Project,HE42,"Feeding tube, Sterile, 12in x 3.5Fr",65
Haiti PAP Project,HG07,"Prednisolone, Acetate-sulfacetamide sodium, 0.2-10%, 5mL",135
Haiti PAP Project,HH42,"Drain, Sponge, Antimicrobial, 4x4 in, 6-ply",135
Haiti PAP Project,HH65,"Amlodipine besylate, 10 mg",135
Haiti PAP Project,HJ17,"Prednisone, 15 mg/5 mL, 237 mL, Cherry",135
Haiti PAP Project,HJ51,"Syringe, Ear bulb, Sterile, 2oz (Neonatal suction bulb)",90
Haiti PAP Project,HJ91,"Detergent, Liquid, Labware",67
Haiti PAP Project,HK11,"Benzylpenicillin, 5 million international units, powder for injection",115
Haiti PAP Project,HK92,"Suture, Surgipro 0, C-17, 30 in",135
Haiti PAP Project,HM12,"Infusion giving set, with air release and 18G needle (for bags/bottles) (IV tubing)",98
Haiti PAP Project,HM88,"Label, Cryogenic, .5 in X 1.25 in ",80
Haiti PAP Project,HN77,"Pad, Replacement, for Cervical collar, Miami J, 2-6yr",59
Haiti PAP Project,HQ24,"Tube, Blood collection, Veneous, Whole blood, K3 EDTA, Lavender, 3mL (pediatric)",65
Haiti PAP Project,HQ36,"Suture, Dermalon 5-0 (nylon), C-1, Reverse cutting, Monofilament, Non-absorbable, 18in",59
Haiti PAP Project,HQ69,"Rotor, Swing Bucket, 4- 250ml capacity",80
Haiti PAP Project,HQ77,"Syringe, Bulb, Irrigation, Plastic, Sterile, Single-use, 60mL",65
Haiti PAP Project,HQ99,"Examination gloves, latex, pre-powdered, large, disposable",74
Haiti PAP Project,HR36,"Body bag, Adult",80
Haiti PAP Project,HR92,"Tube, Stomach, Sterile, 14Fr, 125cm",98
Haiti PAP Project,HS68,"Cartridge, Toner, Laser, High capacity, Black",100
Haiti PAP Project,HT86,"Cover, Probe, Temperature, Skin, Reflective, Infant",59
Haiti PAP Project,HU48,Gauze Bandage 4.5,135
Haiti PAP Project,HU98,"Table, Exam, 36in x 26in x 54in, Green",67
Haiti PAP Project,HX13,ALT (SGPT) Liquid,42
Haiti PAP Project,HX30,"Atenolol, 50 mg, tablet ",76
Haiti PAP Project,HX61,"Towelette, Antiseptic, Benzalkonium chloride, 5 x 7 in",135
Haiti PAP Project,HX91,"Sodium chloride, 2.33 mol/kg, 5 mL, Calibration standard",73
Haiti PAP Project,HY03,"Suture, Chromic gut 4-0 (natural), C-13, Cutting, Braided, Absorbable, 30in",59
Haiti PAP Project,HY89,"Diaper, Adult, Medium",80
Haiti PAP Project,HZ34,"Amoxicillin-clavutanate potassium, 400 mg-57 mg/5 mL, 100 mL",135
Haiti PAP Project,JB00,"Refrigerator, Undercounter, 115V, 60Hz, 73 W, 18in x 17.7in x 24.9in",67
Haiti PAP Project,JC78,"Fluorouracil, 50mg/mL, 10mL ampoule",115
Haiti PAP Project,JD42,"Slide, Microscope, Glass, 25mm x 75mm x 1mm",91
Haiti PAP Project,JD64,"Wipe, Lint-free, 4.4in X 8.4 in ",65
Haiti PAP Project,JD89,"Catheter, Foley, 2-way, 10cc balloon, 22Fr, sterile",98
Haiti PAP Project,JE33,"Light box, X-ray, 59in x 19in",67
Haiti PAP Project,JE34,"Sphygmomanometer, Aneroid, Adult",62
Haiti PAP Project,JF22,"Menthol-zinc oxide, 0.44-20.6%, 3.5 mg",135
Haiti PAP Project,JH31,"Sponge, Gauze, Cotton, 8 ply, Sterile, 2in x 2in (5cm x 5cm)",59
Haiti PAP Project,JH37,"Microplate, Cell Culture, 24 well",80
Haiti PAP Project,JJ47,"Lidocaine hydrochloride, 1%, 50 mL",135
Haiti PAP Project,JJ98,"Burette Set (micro dropper), 150ml, w/ automatic shutoff",78
Haiti PAP Project,JN66,"Monitor, Blood Draw",100
Haiti PAP Project,JN98,"Suture, Reel, Sofsilk 0 (natural), no needle, Braided, Non-absorbable, 98in",59
Haiti PAP Project,JP11,"Connector, for Tubing 5mm to 11mm (3/16, 1/4, 5/16, 3/8, 7/16in), Nonsterile",65
Haiti PAP Project,JQ64,Hematology Controls CBC-Cal,42
Haiti PAP Project,JQ88,"Bag, Specimen transport, 6in x 9in",65
Haiti PAP Project,JS19,"Sensor, Finger SPO2, Max Rainbow, DCI3",68
Haiti PAP Project,JS41,"Imiquimod, 5% cream, 250mg sachet",98
Haiti PAP Project,JS61,"Kit, Delivery/Episiotomy",108
Haiti PAP Project,JT24,"Tube, Endotracheal, Uncuffed, Murphy eye, Magill curve, Nasal/oral, Sterile, Single-use, 3.5mm",65
Haiti PAP Project,JT28,"Beclomethasone, 250microgram/dose, 200 dose inhaler  ",74
Haiti PAP Project,JT36,"Drain, Wound, Penrose, Latex, Sterile, 0.5in",65
Haiti PAP Project,JT94,"Drape, Laparotomy Transverse, Abdominal, Sterile, 100in x 72in x 120in",59
Haiti PAP Project,JU31,"Beclomethasone, 250microgram/dose, 200 dose inhaler",98
Haiti PAP Project,JU43,"Dispenser, Hand sanitizer drip tray",59
Haiti PAP Project,JV75,"Pad, Replacement, for Cervical collar, Miami J, 6-12yr",59
Haiti PAP Project,JX27,"Phenobarbitone, 100mg/mL, 2mL ampoule",52
Haiti PAP Project,JX82,"Agar, Rose bengal base, 500g",73
Haiti PAP Project,JY21,"Electrode, Lletz loop, 10mm x 10mm",65
Haiti PAP Project,JZ14,"Books, Library at Mirebalais",90
Haiti PAP Project,JZ17,"Cleaning swab kit, for Label printer",87
Haiti PAP Project,JZ51,"Gown, for Operating theater, Nonsterile, Single use, Large",98
Haiti PAP Project,JZ99,"Metronidazole, 5 mg/mL, 100 mL bottle for intravenous infusion",98
Haiti PAP Project,KA50,"Kit, Dressing",135
Haiti PAP Project,KB73,"Nystatin, 500,000 IU",74
Haiti PAP Project,KB83,"Codeine phosphate, 15mg, tablet",52
Haiti PAP Project,KD30,"Loop, Inoculating, 5 x 35 mm, 0.5 mm wire",73
Haiti PAP Project,KE30,"Paracetamol, 500 mg, tablet",72
Haiti PAP Project,KE79,"Table, Operating",135
Haiti PAP Project,KF04,Sterile Water for Injection 10mL,135
Haiti PAP Project,KF73,"Tourniquet, 18in",65
Haiti PAP Project,KF76,TSH,42
Haiti PAP Project,KF87,"Collection Bag, Blood ",100
Haiti PAP Project,KG49,"Instruments, Musical",100
Haiti PAP Project,KH34,"Glove, Exam, Latex-free, Powder-free, Nonsterile, Nitrile, Medium",90
Haiti PAP Project,KH41,"Glipizide, 10 mg",135
Haiti PAP Project,KH86,Series IV Step Screw 4.5mm x 55mm,65
Haiti PAP Project,KJ23,"Saline, Bloodbank, 2.6 gallon",65
Haiti PAP Project,KJ33,"Collar, Cervical, Immobilizer, Aspen",59
Haiti PAP Project,KK17,"Marker, Surgical skin, Gentian violet ink, with Labels and ruler, Sterile",90
Haiti PAP Project,KM43,"Fluorometholone, 0.25%, 10 mL",135
Haiti PAP Project,KN62,"Mask, Oxygen, Nonrebreather, Adult",90
Haiti PAP Project,KN95,"Blade, Laryngoscope, McIntosh, Size 4, Adult",98
Haiti PAP Project,KP69,"Lidocaine hydrochloride, 1%, with adrenaline 1:200,000,  20 mL vial",48
Haiti PAP Project,KQ02,"Portable Pipette Filler, with charger",80
Haiti PAP Project,KQ06,"Premix, Vitamin and mineral, 'CMV' ",59
Haiti PAP Project,KQ55,"Collar, Cervical, Immobilizer, Aspen, with Pads",59
Haiti PAP Project,KR63,Sheets and Towels,100
Haiti PAP Project,KR92,"Loperamide hydrochloride, 2 mg",135
Haiti PAP Project,KS93,"Sharps container insert, Horizontal entry lid, Clear, 3 gallon",73
Haiti PAP Project,KT07,"Pipette Tip, Yellow, 200ul",73
Haiti PAP Project,KT13,"Bandage, 0.2% Polyhexamethylene biguanide, 4.5 in x 12.3 ft",135
Haiti PAP Project,KT88,"Tubing, Suction, with Female/Male connector, Sterile, 0.1875in x 6ft",90
Haiti PAP Project,KT99,"Needle, Biopsy, Core tissue, 18 gauge x 10 cm",96
Haiti PAP Project,KU16,"Pipette, Pasteur, Brosilicate glass, Disposable, 9in",96
Haiti PAP Project,KU80,"Hand Sanitizer, 1 oz",59
Haiti PAP Project,KV70,"Hand Aneroid, With Adult Cuff and Case",80
Haiti PAP Project,KX13,"Ciprofloxacin hydrochloride, 500 mg",135
Haiti PAP Project,KX51,"Anemometer, Swing vane, 25-400 fpm",96
Haiti PAP Project,KY56,"Tube, Microcentrifuge, Safe Locking Cap",80
Haiti PAP Project,KY61,"Tamoxifen, 20mg, tablet",115
Haiti PAP Project,KY62,"Aneroid sphygmomanometer, 7 in - 10.75 in",135
Haiti PAP Project,KY83,"Vincristine sulfate, 1mg/mL, 2mL vial",49
Haiti PAP Project,KZ46,"Lid, Plastic, 89 mm",93
Haiti PAP Project,MB65,"Plasma Expressor, Manual",100
Haiti PAP Project,MC00,"Bloodgrouping serum anti B, (monoclonal), 10 mL bottle",48
Haiti PAP Project,MC39,"Colostomy barrier, 2.75in flange, 1.875in-2.5in stoma",65
Haiti PAP Project,MC88,"Ribbon, Thermal Transfer, 4.3 in X 244 ft",90
Haiti PAP Project,MD26,"Laptop, Lenovo, Thinkpad T440",87
Haiti PAP Project,MD43,"Clipper, Fixed Head, Rechargable",90
Haiti PAP Project,MD85,"Lancet, 33G, Sterile",135
Haiti PAP Project,ME12,Bakri Postpartum Balloon,59
Haiti PAP Project,ME37,"Cartridge, Wristband, Patient",84
Haiti PAP Project,ME55,"Suture, Reel, Sofsilk 3-0 (natural), no needle, Braided, Non-absorbable, 98in",72
Haiti PAP Project,MF13,"Cylinder, Graduated, Polyproylene, 25mL",65
Haiti PAP Project,MF92,"Bar, Soap, Body, Unwrapped, 2 x 2 x .75 in",135
Haiti PAP Project,MG94,"Bucket, with lid, 8 quart, Autoclavable",96
Haiti PAP Project,MH26,8mm x 300mm Standard Nail,65
Haiti PAP Project,MH76,Pediasure Vanilla 8 oz bottle,135
Haiti PAP Project,MJ33,"Pad, Maternity, 4.3in x 12.25in",65
Haiti PAP Project,MJ40,"Milk powder, Skimmed, 25kg",95
Haiti PAP Project,MJ51,Series IV Step Screw 4.5mm x 30mm,65
Haiti PAP Project,MJ94,Calcium Standard,42
Haiti PAP Project,MK23,"Ibuprofen, 200 mg",135
Haiti PAP Project,MK30,"Cervical Collar, Rigid, Pediatric, Adjustable",65
Haiti PAP Project,MK96,"Hydrocortisone, 1%, 1.5 g",135
Haiti PAP Project,MM53,"Monitor, Blood pressure, Self-taking",135
Haiti PAP Project,MM63,"Stopcock, 4 way, Swivel male luer lock",65
Haiti PAP Project,MM93,"Tube, Centrifuge, Conical, Sterile, Polypropelyene, 15mL",65
Haiti PAP Project,MM96,"Fluid Warmer, Express for Dialysis",59
Haiti PAP Project,MP49,"Stand, Rolling, Computer",67
Haiti PAP Project,MP73,"Enalapril maleate, 5 mg, tablet",76
Haiti PAP Project,MQ33,"Ceftriaxone 250 mg, powder for injection",76
Haiti PAP Project,MS11,"Amoxicillin, 500 mg",135
Haiti PAP Project,MS44,"Cyclosporine, 50mg, capsule",115
Haiti PAP Project,MS46,"Tape, Paper, Nonsterile, 1in x 10yds",90
Haiti PAP Project,MS56,"Probe cover, Ultrasound, 1.25in x 8 in",65
Haiti PAP Project,MT07,"Drape, General Purpose, Sterile, 40in x 58in",65
Haiti PAP Project,MT08,"Coat, Lab, Lightweight, Snap-front, SMS material, Large",96
Haiti PAP Project,MT73,"Ringer's lactate, intravenous infusion, 1000 mL bottle",99
Haiti PAP Project,MU55,"Magnesium Hydroxide 200mg/5ml, 355ml ",135
Haiti PAP Project,MU90,"Leucovorin Calcium, 10mg/mL, 5mL vial",49
Haiti PAP Project,MU96,"Syringe, with Needle, 3 mL, 25 G x 1.5 in",135
Haiti PAP Project,MX06,"Extension set, 1 port, 2.2mL, 12in",90
Haiti PAP Project,MX49,Creatinine CS,42
Haiti PAP Project,MY35,"Reagent, CD4, for FACSCount",48
Haiti PAP Project,MY75,"Test kit, Fecal occult blood test (FOB)",65
Haiti PAP Project,NA02,Nellcor  N45 Handheld Oximeter,68
Haiti PAP Project,NA34,"Infant Formula, Powder, with Iron, 12.4oz",84
Haiti PAP Project,NA72,"Mallet, Rubber",100
Haiti PAP Project,NB70,"Wipes, Disinfectant, Pre-moistened, Alcohol-free, can of 120",82
Haiti PAP Project,NB98,"Case for Pulse Oximeter, Handheld",68
Haiti PAP Project,ND97,Uric Acid Standard,42
Haiti PAP Project,NE43,"Disinfectant Wipe, Disposable",135
Haiti PAP Project,NE63,"Sharps container insert, Horizontal entry lid, Clear, 5qt",85
Haiti PAP Project,NE93,"Fluconazole, 200mg, tablet",97
Haiti PAP Project,NF78,"Catheter, Foley, Coude, 2 way, 5cc balloon, Sterile, 18Fr",90
Haiti PAP Project,NF82,"Scale, Non-digital, Temperature compensated, for blood collection",100
Haiti PAP Project,NG07,"Gloves, Exam, Non-latex, Small",135
Haiti PAP Project,NG27,9mm x 320mm Standard Nail,65
Haiti PAP Project,NH36,OxiMax Neonatal/Adult Oxygen Sensor ,68
Haiti PAP Project,NH49,"Accessory Kit,  for Dialysis",59
Haiti PAP Project,NJ21,"Curette, Endocervical biopsy, Single-ended, Loop tip, with basket, 3mm x 12 mm",65
Haiti PAP Project,NJ42,"Hydrochlorothiazide, 25 mg",135
Haiti PAP Project,NK12,"Diphenhydramine hydrochloride, 25 mg",135
Haiti PAP Project,NK36,"Gauze, Conforming, Sterile, 4.5in x 4.1yd (Kerlix)",90
Haiti PAP Project,NK73,"Thermometer, Digital, Ear",80
Haiti PAP Project,NM55,"Alcohol, Isopropyl 70%, 16oz",80
Haiti PAP Project,NP09,"Jug, Dispensing, 5 gallon",80
Haiti PAP Project,NP48,"Dispenser, Hand sanitizer",59
Haiti PAP Project,NP66,"Atenolol, 50 mg, tablet",98
Haiti PAP Project,NQ11,"Thermometer, Fridge/Freezer with sealed bottle probe",96
Haiti PAP Project,NR96,"Baclofen, 10mg tablet",97
Haiti PAP Project,NS84,"Cleaner, Lens, Anti-fog, 4oz",73
Haiti PAP Project,NT57,"Metformin hydrochloride, 850 mg, tablet",98
Haiti PAP Project,NT75,"Applicator stick, Wood",76
Haiti PAP Project,NU04,"Humidifier, Bubble, 350cc",90
Haiti PAP Project,NU31,"Sphygmomanometer, With Mobile Base, Adult",80
Haiti PAP Project,NU68,"Sodium chloride, 6.0 mol/kg, 5 mL, Calibration standard",73
Haiti PAP Project,NV29,"Sulfamethoxazole trimethoprim, 800mg-160mg",135
Haiti PAP Project,NV86,"Handbook,  Accompagnateur Participant",96
Haiti PAP Project,NY36,"Levofloxacin, 5mg/mL, 100mL vial",115
Haiti PAP Project,NY57,"Syringe Filler, Nylon, Sterile 25mm",80
Haiti PAP Project,NY60,"Mask, Anesthesia, with valve, Single-use, Child",90
Haiti PAP Project,NZ43,"Surgical Scrubbing and Hand Washing Soap w/ Pump, Foam 32oz",135
Haiti PAP Project,NZ89,Chemistry Calibrator,42
Haiti PAP Project,PA04,"Tube, Stomach, Sterile, 14Fr, 125cm",98
Haiti PAP Project,PA26,"Lancet, 28G needle, Sterile",135
Haiti PAP Project,PA73,"Cleaning Kit, P110i, for ID printer",87
Haiti PAP Project,PB03,"Sodium chloride, 0.9 % intravenous infusion, 500 mL bottle",65
Haiti PAP Project,PB34,"Timolol 0.25% eye-drops, 5 ml",84
Haiti PAP Project,PC62,Carbamazepine 200 mg,74
Haiti PAP Project,PD61,"Stapler, Surgical, for Bowel, Reloadable, 3.8mm",59
Haiti PAP Project,PE82,"Tray, Instrument, Flat, Stainless-steel, 48.6 x 32.1 x 1.9 cm",65
Haiti PAP Project,PF10,"Table cover, Nonsterile, 44in x 90in",80
Haiti PAP Project,PF13,"Stockinette, Cotton, Sterile, 4in x 36in",59
Haiti PAP Project,PF68,"Lubricant jelly, Sterile, 5 gram packet",90
Haiti PAP Project,PF91,"Closer, Wound, Adhesive, Sterile",135
Haiti PAP Project,PF99,"Hydrogen Peroxide, 3%, 16oz (473mL)",90
Haiti PAP Project,PG17,"Fluid Warmer Accessory Kit, Express for Dialysis",59
Haiti PAP Project,PG26,"Cover, Probe Thermometer",100
Haiti PAP Project,PG42,8mm x 340mm Standard Nail,65
Haiti PAP Project,PG78,"Misoprostol, 200 microgram, tablet",81
Haiti PAP Project,PH04,"Methylprednisolone, 4 mg",135
Haiti PAP Project,PH37,"Ranitidine hydrochloride 25 mg base/mL, 2 mL ampoule",98
Haiti PAP Project,PH70,8mm x 280mm Standard Nail,65
Haiti PAP Project,PK77,"Burette Set (micro dropper), 150ml, w/ automatic shutoff",100
Haiti PAP Project,PN65,"Thermometer, Room, Digital, -50C - +200C",59
Haiti PAP Project,PN70,"Bin, Sharps, Slide top, with Gasket, 9 gal",135
Haiti PAP Project,PP04,"Ampicillin, 1 gram, powder for injection",74
Haiti PAP Project,PP07,"Cup, Sample, Water activity testing meter, with Lid",73
Haiti PAP Project,PP70,"Pad, Replacement, for Cervical collar, Miami J, Adult",59
Haiti PAP Project,PQ37,"Suture, Reel, Polysorb 3-0 (lactomer), no needle, Braided, Absorbable, 98in",72
Haiti PAP Project,PQ45,"Bloodgrouping serum anti D, (monoclonal), 10 mL bottle",48
Haiti PAP Project,PR83,"Sterilization pouch, Self seal, 7.5in x 13in",90
Haiti PAP Project,PS08,"Gloves, Exam, Latex, Large",135
Haiti PAP Project,PS30,"Lisinopril, 20 mg",135
Haiti PAP Project,PU60,"Test strip, Glucometer",84
Haiti PAP Project,PV55,"Pill Envelope 3 1/2"" x 2 1/4""",135
Haiti PAP Project,PV57,"Container, Specimen, Prefilled 10% Neutral Buffered Formalin, with White top, 40mL",65
Haiti PAP Project,PZ35,"Tube introducer, Endotracheal, Sterile, 15Fr x 70cm",59
Haiti PAP Project,QA94,"Ceftriaxone, 1 g/15 mL",135
Haiti PAP Project,QC84,"Phenobarbital, 50mg, tablet",75
Haiti PAP Project,QC97,"Electrode tip, Lletz ball, 5mm",65
Haiti PAP Project,QE37,"Syringe, Platic 10Ml",80
Haiti PAP Project,QE48,"Mask, Oxygen, Medium concentration, Elongated, with 7ft tubing, Infant",90
Haiti PAP Project,QE83,9mm x 280mm Standard Nail,65
Haiti PAP Project,QF63,"Wipe, Disinfectant ",59
Haiti PAP Project,QF65,"Printer, Wristband, Thermal",84
Haiti PAP Project,QG02,"Underpad, Tissue, 3 ply, 17in x 24in (chux)",85
Haiti PAP Project,QG53,"Washcloth, Cleansing, Personal",135
Haiti PAP Project,QH91,"Mineral oil, White petrolatum, 42.5% - 57.3%",135
Haiti PAP Project,QJ11,"Tips, Pipette, 200 UL",80
Haiti PAP Project,QJ40,"Drain, Wound, Penrose, Sterile, 0.25in x 18in (6mm x 46cm)",65
Haiti PAP Project,QK26,"Gallipot, 115ml, Stainless steel",108
Haiti PAP Project,QK53,"Bag, Polypropylene, 35in x 35in x 55in",65
Haiti PAP Project,QM12,"Suture, Surgigut plain 3-0 (natural), C-13, Reverse cutting, Braided, Absorbable, 3in",59
Haiti PAP Project,QN05,"Blade, Laryngoscope, Miller, Size 2",98
Haiti PAP Project,QN83,"CD4 cartridge, for Pima CD4 analyzer",115
Haiti PAP Project,QP61,"Electrode, Resting ECG",68
Haiti PAP Project,QP96,"Suture, Biosyn 3-0 (glycomer), C-14, Reverse cutting, Monofilament, Absorbable, 30in",59
Haiti PAP Project,QQ10,BUN Liquid,42
Haiti PAP Project,QQ23,"Prednisone, 5 mg",135
Haiti PAP Project,QQ68,"Fluocinonide, 0.05%, 60 g",135
Haiti PAP Project,QR05,"Quinine di-HCl 600 mg/ 2 ml, for injection",74
Haiti PAP Project,QS69,"Amoxacillin, 250 mg/5 mL, 100 mL, Powder for oral suspension",135
Haiti PAP Project,QT47,"Therapeutic nutrition shake, 8oz",135
Haiti PAP Project,QU22,"Spironolactone, 25mg, tablet",74
Haiti PAP Project,QU64,"Red blood cell reagent, Reverse grouping, for confirmation of ABO serum grouping, A1 and B, 10mL vial",42
Haiti PAP Project,QU92,"Ribbon, Black Monochrome P100i, for ID printer",87
Haiti PAP Project,QV03,Series IV Step Screw 4.5mm x 35mm,65
Haiti PAP Project,QV29,"Drape, Sterile, 18in x 26in",90
Haiti PAP Project,QX07,"Switch, Transfer, Automatic, Nema 3R",67
Haiti PAP Project,QY10,"Suture, Maxon 0 (polyglyconate), GS-24, Taper, Monofilament, Absorbable, 30in",78
Haiti PAP Project,QY57,"Table, Exam, 36in x 28in x 55in, Blue",67
Haiti PAP Project,QY85,"Dialysis Fluid, 5L, bag",59
Haiti PAP Project,QZ02,"Detergent Solution, 10ML",80
Haiti PAP Project,QZ91,"Metformin hydrochloride, 500 mg, tablet",97
Haiti PAP Project,RA39,"Electrode, Lletz loop, 25mm x 10mm",65
Haiti PAP Project,RA87,"System, Interlink, 112 in",135
Haiti PAP Project,RB05,Creatinine Standard,42
Haiti PAP Project,RB70,"Pad, Alcohol prep",65
Haiti PAP Project,RC07,"Test strip, for INRatio meter",84
Haiti PAP Project,RC32,"Metformin hydrochloride, 500 mg",135
Haiti PAP Project,RC37,"Screw, Cap, 5/16 x 1",65
Haiti PAP Project,RF09,"Destoner, with Vibratory Feeder and Feed Hopper",77
Haiti PAP Project,RF62,"Catheter, Foley, 2-way, 10cc balloon, 12Fr, sterile",98
Haiti PAP Project,RH68,"Tubing, Suction, 72in",65
Haiti PAP Project,RH72,"Electrode, Lletz loop, 20mm x 10mm",65
Haiti PAP Project,RK09,"Tube, Plasma, Glass 10ML",80
Haiti PAP Project,RK56,"IV Administration Set, Primary, Ported, 103in",65
Haiti PAP Project,RM91,"Codeine phosphate, 30mg, tablet",52
Haiti PAP Project,RP40,Lipid Control Set,42
Haiti PAP Project,RP65,"Bandage, Padding, Underwrap, 5cm x 2.7m",98
Haiti PAP Project,RP74,"Glasses, Protective",65
Haiti PAP Project,RQ24,"Chair, Blood Collection Lounge, Mobile",100
Haiti PAP Project,RQ62,Cholesterol Standard,42
Haiti PAP Project,RR08,"Pad, Gauze, 4x4 in, Sterile",135
Haiti PAP Project,RS32,"Table, Exam, Grey",67
Haiti PAP Project,RS36,"Chloroquine phosphate 10 mg base/ml, oral solution, 60 ml",76
Haiti PAP Project,RS48,Infusion Pump,67
Haiti PAP Project,RT40,"Dexamethasone, 8mg, tablet",115
Haiti PAP Project,RU20,"Walker, Pediatric",80
Haiti PAP Project,RU23,"Bandage, Gauze, Rolled, 4 in x 2.5 yd",135
Haiti PAP Project,RU48,"Carboxymethylcellulose sodium, 0.5%, 0.4 mL",135
Haiti PAP Project,RV34,"Shelving, Wire Rack",100
Haiti PAP Project,RV35,"Thermometer, Digital",135
Haiti PAP Project,RV37,8mm x 320mm Standard Nail,65
Haiti PAP Project,RV57,Series IV Step Screw 4.5mm x 45mm,65
Haiti PAP Project,RX67,"Pad, Combine ABD, Sterile, 5in x 9in",100
Haiti PAP Project,RY06,"Carbidopa-Levodopa, 25/250mg, tablet",98
Haiti PAP Project,RY40,"Bloodgrouping serum anti A, (monoclonal), 10 mL bottle",48
Haiti PAP Project,RZ21,"Bag, Plastic, Biohazard, 61 x 48.3 cm, Autoclavable, Orange",73
Haiti PAP Project,RZ29,"Tube, Endotracheal, Uncuffed, Murphy eye, Magill curve, Nasal/oral, Sterile, Single-use, 2.5mm",65
Haiti PAP Project,SA07,Uric Acid Liquid,42
Haiti PAP Project,SA39,Gun Metal Half frame Reading Glasses 1.00,100
Haiti PAP Project,SA44,"Pad, Replacement, for Cervical collar, Miami J, 6mo-2yr",59
Haiti PAP Project,SA57,"Ringer's lactate, intravenous infusion, 500 mL bottle",65
Haiti PAP Project,SB00,"Fentanyl, 25 microgram/hour, transdermal patch",52
Haiti PAP Project,SC39,"Gloves, Cryogenic Handling, Mid Arm",80
Haiti PAP Project,SC66,"Safelight, Circular, 4.5in x 5.5in",84
Haiti PAP Project,SD08,"Bag, Biohazard, Autoclave, 14in x 19in",96
Haiti PAP Project,SD54,"Sharps Container, 5 gallon, Chemo Specific",100
Haiti PAP Project,SE41,"Film, X Ray, 14in x 17in, Green sensitive",100
Haiti PAP Project,SE76,"Drape, C-arm, Poly straps, 41in x 74in",65
Haiti PAP Project,SF61,"Cooler, Lab Top, 4 X 8 Compartments, Gel Filled",80
Haiti PAP Project,SG02,10mm x 300mm Standard Nail,65
Haiti PAP Project,SH27,"Glycopyrronium  bromide, 0.2mg/mL, 1 mL ampoule",98
Haiti PAP Project,SH32,"Vasopressin 20 international units/mL, 1 mL ampoule",81
Haiti PAP Project,SH76,"Scissors, Bandage, 5 1/2 in",135
Haiti PAP Project,SH88,"Suture, Polysorb 0 (lactomer), GS-25, Taper, Braided, Absorbable, 30in",59
Haiti PAP Project,SJ29,"Tainer top, for 16mm tube",64
Haiti PAP Project,SK27," Headlamp, Examination",100
Haiti PAP Project,SM33,"Tube Sealer, Dielectric, for blood bags",100
Haiti PAP Project,SN02,"Suture, Chromic gut 2-0 (natural), GS-24, Taper, Braided, Absorbable, 36in",59
Haiti PAP Project,SN10,"Acetaminophen, 80 mg",135
Haiti PAP Project,SN11,"Mask, Anesthesia, with valve, Single-use, Adult, Medium",90
Haiti PAP Project,SN52,"Azathioprine, 50mg, tablet",115
Haiti PAP Project,SN84,"Heat Block, Blood Collection",100
Haiti PAP Project,SP18,Cholesterol (Liquid),42
Haiti PAP Project,SP30,"Protamine sulphate 50 mg/ 5 ml, for injection",74
Haiti PAP Project,SP39,"Kit, First aid, Antibiotic ointment, Warming blankets",135
Haiti PAP Project,SP61,hCG,42
Haiti PAP Project,SQ72,"Gloves, Exam, Latex, Extra small",135
Haiti PAP Project,SR05,"Lamp, Gooseneck",80
Haiti PAP Project,SR07,Zymaxid .5% Solution 2.5mL,135
Haiti PAP Project,SS86,"Suture, Polysorb 5-0 (lactomer), C-12, Reverse cutting, Braided, Absorbable, 30in",96
Haiti PAP Project,ST08,"Detector, C02, End-tidal",65
Haiti PAP Project,ST14,"Squeegee, Head with 15 in handle",65
Haiti PAP Project,ST40,"Heparin sodium, 5,000 IU/mL, 5 mL, Injection",74
Haiti PAP Project,ST77,"Apron, Utility, 36in x 42in",90
Haiti PAP Project,ST97,"Potassium Iodide, min. 99%, GRG, 100g",73
Haiti PAP Project,SV26,"Catheter, Intermittent, Round tip, Sterile, 12Fr",65
Haiti PAP Project,SV42,"Blanket warmer, Small",67
Haiti PAP Project,SX26,"Latex Goop, Rug Backing Material for Jackie Williams",77
Haiti PAP Project,SX92,"Tube, Blood collection, K3 EDTA (K3E), Plastic, Lavender, 7mL",65
Haiti PAP Project,SY81,"Wash Bottle, 500 ml",80
Haiti PAP Project,SZ03,"Surgical Gloves, latex, sterile, powder free, size 7",74
Haiti PAP Project,SZ58,"SUTURE, CHROMIC GUT 3-0 (NATURAL), GS-22, Taper, BRAIDED, ABSORBABLE, 30IN",59
Haiti PAP Project,TA87,"Flask, Erlenmeyer, Glass, Reusable,  2000mL",80
Haiti PAP Project,TC56,"Catheter Foley, balloon 5-15 ml, Ch 18, sterile",74
Haiti PAP Project,TC69,Probe cleanser,42
Haiti PAP Project,TD27,"Mask, Nebulizer, with 80in oxygen tubing, Pediatric",90
Haiti PAP Project,TD69,"Bar, Nutritional, Strawberry yogurt",135
Haiti PAP Project,TE49,"Filter, Safelight",84
Haiti PAP Project,TE65,"Tube, Endotracheal, Cuffed, Murphy eye, Magill curve, Nasal/oral, Sterile, 5mm",65
Haiti PAP Project,TE82,"Freezing Container, 1-2ml cryogenic tubes",80
Haiti PAP Project,TE86,"Syringe Filter, 25mm",80
Haiti PAP Project,TF73,"Light box, X-ray, 31in x 24in",67
Haiti PAP Project,TG45,"Pad, Abdominal, 5 in x 9 in (12.7 cm x 22.9 cm), Sterile",135
Haiti PAP Project,TG84,"Otoscope tip, Single-use, 4.25mm",65
Haiti PAP Project,TH21,"Spill kit, Chemical, 0.25 gallon to 0.5 gallon absorbing capacity",64
Haiti PAP Project,TH44,"Sponge, Gauze, 8 ply, 4in x 4in, Nonsterile",96
Haiti PAP Project,TH54,EKG Paper - MAC 1200 ,68
Haiti PAP Project,TH64,"Drape, Orthopedic, U-Drape, Sterile, 60in x 72in",65
Haiti PAP Project,TJ04,"Glutaraldehyde, 2% + activator, 5 liter can (1.3 gallon)",81
Haiti PAP Project,TJ47,"Water for injection, 10 mL ampoule",98
Haiti PAP Project,TJ67,"Neomycin, Triple antibiotic, 0.9 g",135
Haiti PAP Project,TK52,"Cylinder, Graduated, Polyproylene, 50mL",65
Haiti PAP Project,TK72,"Fluconazole, 200 mg, capsule",98
Haiti PAP Project,TK88,"Benzathine benzylpenicillin, 2.4 million international units, powder for injection",74
Haiti PAP Project,TM55,"Suture, Polysorb 4-0 (lactomer), CV-15, Taper, Braided, Absorbable, 30in (75cm)",59
Haiti PAP Project,TM87,"Tubing, Oxygen, Standard lumen, 84in",65
Haiti PAP Project,TN18,Pipette tips Universal Blue Tips 50-1000 ul,42
Haiti PAP Project,TN22,"Set, Instrument, Curretage",108
Haiti PAP Project,TN56,"Catheter, Thoracic, Straight, Sterile, 28Fr x 20in",65
Haiti PAP Project,TP12,"Cervical Collar, Rigid, Adult, 3in-6in Height ",65
Haiti PAP Project,TP36,"Polymyxin B sulfate, Trimethoprim sulfate, 10000 u/mL - 1 mg/mL",135
Haiti PAP Project,TQ06,"Sulfamethoxazole - Trimethoprim, Pediatric, 200 mg/5 mL - 40 mg/5 mL",135
Haiti PAP Project,TQ12,"Loading unit, for Surgical bowel stapler, with Titanium staples, Single use, 3.8mm",59
Haiti PAP Project,TQ68,"Reagent strip, Urine",76
Haiti PAP Project,TQ71,Clinical Thermometer,68
Haiti PAP Project,TQ78,"Gel, Ultrasound, 5 Liter",68
Haiti PAP Project,TQ80,"Test kit, HBsAG (Hepatitis B), Rapid",43
Haiti PAP Project,TR82,"Tube, Endotracheal, Uncuffed, Murphy eye, Magill curve, Nasal/oral, sterile, single-use, 3mm",65
Haiti PAP Project,TT73,"Atenolol, 50 mg",135
Haiti PAP Project,TU35,"Colostomy pouch, Drainable, 1.75in x 12in",83
Haiti PAP Project,TU70,"Adenosine, 3 mg/mL, 2 mL ampoule",98
Haiti PAP Project,TU81,"Urostomy pouch, Drainable, Trim to fit, 6in (pediatric)",83
Haiti PAP Project,TV77,"Salbutamol oral inhaler, 0.1 mg/dose, 200 doses  (UN1950)",74
Haiti PAP Project,TX64,"Electrode, Neonatal monitoring, Ag/AgCl, with Preattached leadwires, 0.060in socket",65
Haiti PAP Project,TX81,Metronidazole 250 mg,135
Haiti PAP Project,TX83,"Hydrogen peroxide, 3%, 473 mL",135
Haiti PAP Project,TY66,"Barium sulfate, 2.1% Oral suspension, 250mL bottle",100
Haiti PAP Project,TZ12,"Pipe Cleaner, Cannula, 0.125in X 12 in ",77
Haiti PAP Project,UA08,"Chair, Blood Collection Lounge",100
Haiti PAP Project,UA13,"Filter, Bacterial/Viral",65
Haiti PAP Project,UB36,"Catheter, Intermittent, Round tip, Sterile, 16Fr",65
Haiti PAP Project,UC32,"Hand sanitizer, Clear, 1L",59
Haiti PAP Project,UC53,"Container, Stainless steel, 4.6x5.75in, 1.25qt",96
Haiti PAP Project,UD12,"Manikin, CPR training, Infant, With Bag",80
Haiti PAP Project,UD55,"Warfarin, 1 mg, tablet (blister)",81
Haiti PAP Project,UE47,"Transfusion set, with needle 18G x 1.5in (1.20mm x 40mm)",81
Haiti PAP Project,UE56,"Dextrose 5 %, intravenous infusion, 1000 mL bottle",65
Haiti PAP Project,UF02,"Cetirizine di-hydrochloride, 10 mg, film coated tablet",98
Haiti PAP Project,UG27,"Suture, Sofsilk 2-0 (natural), C-16, Reverse cutting, Braided, Non-absorbable, 18in",72
Haiti PAP Project,UH04,"Depressor, Tongue, Sterile",135
Haiti PAP Project,UH31,"Midazolam hydrochloride, 5mg base/mL, 1mL, ampoule",52
Haiti PAP Project,UJ43,"Magnesium sulphate, 500 mg/mL (50 %), 10 mL ampoule",52
Haiti PAP Project,UK48,"Applicator, cotton tipped, sterile",64
Haiti PAP Project,UK84,"Gel, Ultrasound, 8.5oz",87
Haiti PAP Project,UM67,"Pump, Suction, Aspirator, 120 V/60 Hz",135
Haiti PAP Project,UM80,"Azithromycin, 250 mg",135
Haiti PAP Project,UP73,"Tube, Blood collection, K3 EDTA (K3E), 15% solution, Lavender, 7mL",65
Haiti PAP Project,UQ16,"Glove, Surgical, Contains latex, Powdered, Sterile, Latex, Size 8.5",90
Haiti PAP Project,UQ56,"PH Buffer Pack, 500 Ml",80
Haiti PAP Project,UR71,"Glove, Exam, Latex-free, Powder-free, Sterile, Nitrile, Extended cuff, Large",65
Haiti PAP Project,UR91,"Cyclobenzaprine hydrochloride, 10 mg",135
Haiti PAP Project,UR96,"Sodium chloride, 500g",73
Haiti PAP Project,UR98,"Stain Solution, Blue",80
Haiti PAP Project,US63,"Blade, Laryngoscope, Miller, Size 3",98
Haiti PAP Project,US70,"Soap, Liquid Antimicrobial, 1000ml",59
Haiti PAP Project,US96,"Mattress, Innerspring 36 in X 80 in",77
Haiti PAP Project,UT03,"Prednisolone acetate, 1%, 15 mL",135
Haiti PAP Project,UT67,"Detergent, Multi-tiered enzymatic, with rust inhibitors, 4L (1.057 gallons)",77
Haiti PAP Project,UX57,"Cyclophosphamide, 50mg, tablet",115
Haiti PAP Project,UX67,"Coat, Laboratory, Small",90
Haiti PAP Project,UY49,"Sponge, Gauze, Cotton, 12 ply, Nonsterile, 4in x 4in (10cm x 10cm)",90
Haiti PAP Project,UZ24,"Cap, Surgeon, Nonsterile, Single use, with ties",65
Haiti PAP Project,UZ26,"Rifabutin, 150mg, capsule",115
Haiti PAP Project,VA10,Colposcope,100
Haiti PAP Project,VA34,"Centrifuge, Hematocrit",100
Haiti PAP Project,VA55,"Collar, Cervical, Immobilizer, Aspen, with Pads",59
Haiti PAP Project,VA61,"Tetanus antitoxin (equine origin) 1,500 international units/mL, 1 mL ampoule",48
Haiti PAP Project,VA83,"Catheter kit, Central venous, Double lumen, Single-use, 5Fr x 5cm, Pediatric",59
Haiti PAP Project,VA95,"Suture, Surgipro 5-0, C-13, Cutting, 18 in",135
Haiti PAP Project,VA97,"Sharps Container, 7 gallon",80
Haiti PAP Project,VB83,"Glove, Exam, Latex-free, Powder-free, Nonsterile, Nitrile, Large",90
Haiti PAP Project,VD20,"Storage Bin, Red, Acid Resistant",80
Haiti PAP Project,VD82,"Thermometer, Wall, -20C - +50C",59
Haiti PAP Project,VE04,"Amoxicillin 500 mg + potassium clavulanic acid, 125 mg, tablet",97
Haiti PAP Project,VE75,"Cycler and warmer, for Dialysis",59
Haiti PAP Project,VE98,"Server, in rack",68
Haiti PAP Project,VF19,Alcohol Swabs,135
Haiti PAP Project,VF30,"Gloves, Exam, Non-latex, Small",135
Haiti PAP Project,VF36,"Fluconazole, 50mg/mL, 35mL powder for suspension",81
Haiti PAP Project,VF59,"Tube, Endotracheal, Cuffed, Murphy eye, Magill curve, Nasal/oral, Sterile, 3.5mm",65
Haiti PAP Project,VF92,"Suture, Reel, Polysorb 0 (lactomer), no needle, Braided, Absorbable, 60in ",59
Haiti PAP Project,VH30,"Catheter, Intermittent, Round tip, Sterile, 14Fr",65
Haiti PAP Project,VJ17,"X-Ray machine, Portable, Dragon X, SPSL, HF, 4.0 APAL, with 18in mobile hand switch ",67
Haiti PAP Project,VJ72,"Clarithromycin, 250 mg/5 mL, 100 mL",135
Haiti PAP Project,VJ96,"Scale, Infant, Removable tray",108
Haiti PAP Project,VK09,"Handpiece, Standard head, Bur tool, 4 hole",100
Haiti PAP Project,VK28,"Cathether, IV, 22G x 1 in, Sterile",135
Haiti PAP Project,VK92,"Cartridge, Toner, Black, High yield",100
Haiti PAP Project,VM09,"Dextrose 5 %, intravenous infusion, 500 mL bottle",65
Haiti PAP Project,VM25,"Paper, Table, Nonsterile, 18in x 225ft",65
Haiti PAP Project,VM48,Series IV Step Screw 4.5mm x 40mm,65
Haiti PAP Project,VM89,"Test tube, Reusable, with rubber lined cap, 16x100mm",96
Haiti PAP Project,VP18,"Diaper, Newborn, 6-10 lbs",65
Haiti PAP Project,VP53,"Tramadol hydrochloride, 50mg, capsule",81
Haiti PAP Project,VR06,Dental Training Material and supplies for Cange- Tabasamu,84
Haiti PAP Project,VR64,"Tube, Vacuum, ESR, Plastic",64
Haiti PAP Project,VS66,"Bag, Plastic, for Infectious waste, 33 gallon, 31in x 43in",73
Haiti PAP Project,VS87,Thermal Printer Paper,42
Haiti PAP Project,VV07,"Applicator, Cotton tipped, Nonsterile",75
Haiti PAP Project,VV98,"Tube, Stomach, Sterile, 14Fr, 125cm",78
Haiti PAP Project,VX04,10mm x 260mm Standard Nail,65
Haiti PAP Project,VX25,"Timer, Digital",100
Haiti PAP Project,VX99,Triglyceride Standard,42
Haiti PAP Project,VZ14,"Co-trimoxazole, 96 mg/mL, 5 mL ampoule",98
Haiti PAP Project,XB09,"Cephalexin, 250 mg/5 mL, 100 mL, Powder for oral suspension",135
Haiti PAP Project,XC44,"Lithium chloride, 8.5 mol/L, 5 ml, Calibration standard",73
Haiti PAP Project,XC71,"Sodium chloride, 0.9% intravenous infusion, 100 mL",98
Haiti PAP Project,XC85,"Blade, Laryngoscope, McIntosh, Size 3, Adult",98
Haiti PAP Project,XD12,"Nystatin, 100,000 international units/mL oral suspension, 30 mL bottle",98
Haiti PAP Project,XE41,"Gloves, Exam, Non-latex, Large",135
Haiti PAP Project,XE46,"Sterilization pouch, Self seal, 3.5in x 9in",96
Haiti PAP Project,XF77,"Gloves, Exam, Latex, Extra large",135
Haiti PAP Project,XG52,"Clonidine hydrochloride, 0.1 mg",135
Haiti PAP Project,XG58,"Gauze sponge, 4x4 in, 8 ply, Sterile",135
Haiti PAP Project,XG62,"Pen, Cleaning, for Label printer",87
Haiti PAP Project,XJ03,"Cover, Mayo stand, Sterile, 23in x 54in",65
Haiti PAP Project,XJ13,"Acetazolamide, 250 mg, tablet",98
Haiti PAP Project,XJ70,"Monitor, Blood pressure, Digital, Wrist",135
Haiti PAP Project,XJ91,"Evacuator, Silicone, Bulb, Latex free, Single use, 100mL",80
Haiti PAP Project,XK12,"Table, Exam ",100
Haiti PAP Project,XK16,"Recliner, Maternity",67
Haiti PAP Project,XK40,AST (SGOT) Liquid,42
Haiti PAP Project,XK45,"Ultrasound, OBGYN",100
Haiti PAP Project,XK70,Bilirubin Calibrator Set,42
Haiti PAP Project,XM33,"Gloves, Exam, Latex, Small",135
Haiti PAP Project,XN56,"Needle, Biopsy, Core tissue, 20 gauge x 10 cm",96
Haiti PAP Project,XN68,"Cabinet, Flammable, 12 gallon",96
Haiti PAP Project,XP22,"Cannula, Nasal, 7ft, Adult",90
Haiti PAP Project,XP58,"Tape, Paper, Nonsterile, 2in x 10yd",90
Haiti PAP Project,XP60,"Catheter kit, Dialysis, Straight, Acute, Dual lumen, 24cm insertion length",59
Haiti PAP Project,XP67,"Hydrocortisone, 1%, 1 oz",135
Haiti PAP Project,XR94,"CO2 absorbent, Pail",65
Haiti PAP Project,XS02,"Colostomy pouch, Drainable, 2.75in x 12in",83
Haiti PAP Project,XS11,10mm x 320mm Standard Nail,65
Haiti PAP Project,XT50,"Table, Exam, 36in x 28in x 55in, Green",67
Haiti PAP Project,XT66,"Bag, Urinal drainage, with non-return valve and tap, Sterile, 85cm tube, 2000mL",98
Haiti PAP Project,XT80,"Wound drain kit, Reservoir, with Silicone flat drain, without Trocar, Sterile, 100mL",81
Haiti PAP Project,XU27,"Needle, Intraosseous infusion, 15G",90
Haiti PAP Project,XU28,"Collar, Cervical, Immobilizer, Miami J, 6-12yr",59
Haiti PAP Project,XU44,"Amoxicillin, 500 mg, tablet ",74
Haiti PAP Project,XU82,"Pipette Tips, Yellow, 200ul",91
Haiti PAP Project,XV79,"Coat, Laboratory, Medium",90
Haiti PAP Project,XX65,"Potassium Phospahte, 1 KG",80
Haiti PAP Project,XY46,"Media, Agar, Heart infusion, Dehydrated, pH 7.4, 500kg",96
Haiti PAP Project,XY87,"Strip, Packing, Polyhexam, 0.2% polyhexamethylene, .5 in x 3 ft",135
Haiti PAP Project,YA74,"Gauze Roll, Absorbent 36'' X 100 yards 2 ply",80
Haiti PAP Project,YA87,"Morphine sulfate, 20mg, extended release tablet",52
Haiti PAP Project,YB25,"Agar, Lysine iron, 500g",73
Haiti PAP Project,YC07,"Insulin mixtard (30/70) 100 internatinal units/mL, 10 mL vial",48
Haiti PAP Project,YC12,"Suture, Monosof 1 (nylon), GCC-90, Conventional cutting, Monofilament, Non-absorbable, 40in",78
Haiti PAP Project,YD05,Calcium Arsenazo,42
Haiti PAP Project,YE82,"Gown, Surgical, Sterile, Disposable, Non-reinforced, Latex Free,  Large",77
Haiti PAP Project,YF24,Chloride,42
Haiti PAP Project,YF49,"Suture, Chromic gut 2-0 (natural), C-14, Cutting, Braided, Absorbable, 30in",96
Haiti PAP Project,YF89,"Breathing circuit, with filter, 2 limb, Unheated, 3L breathing bag, Expandable from 33in to 87in, Adult",65
Haiti PAP Project,YG24,"Cards, Premier PVC, 30 Mil, for P110i",87
Haiti PAP Project,YH45,"Cephalexin, 500 mg",135
Haiti PAP Project,YJ84,"Silver sulphadiazine, 1 % cream, 500gram tube",98
Haiti PAP Project,YK25,"Sphygmomanometer, Anaeroid, Adult small",59
Haiti PAP Project,YN13,"Ethanol (ethyl alcohol) HPLC grade, 1 litre, bottle",66
Haiti PAP Project,YN83,"Mask, Surgical",90
Haiti PAP Project,YP73,"Tube, Blood collection, Veneous, Whole blood, K3 EDTA, Plastic, Lavender, 3mL (pediatric)",73
Haiti PAP Project,YP84,"Glove, Surgical, Contains latex, Powdered, Sterile, Latex, Size 8",90
Haiti PAP Project,YQ53,"Morphine sulfate, 10mg/mL, 1mL ampoule",75
Haiti PAP Project,YQ59,"Dextrose 5 %, intravenous infusion, 100 mL bottle",98
Haiti PAP Project,YQ60,"Manikin, CPR training, With Bag Airways and Lungs",80
Haiti PAP Project,YQ80,"Ephedrine hydrochloride, 30 mg/mL, 1 mL ampoule",98
Haiti PAP Project,YR24,"Tube, Blood collection, Serum, Silicone coated, Red, 7mL",65
Haiti PAP Project,YR87,"Coat, Laboratory, Large",90
Haiti PAP Project,YR89,"Table, Gynecology, Delivery, 3 sections, Adjustable backrest",108
Haiti PAP Project,YS63,"Soap, Antiseptic, Foam, 32 oz, 3% PCMX",135
Haiti PAP Project,YS73,"Catheter, Suction, Sterile, 8Fr x 50cm",98
Haiti PAP Project,YS84,CRP test (c-reactive protein in serum),48
Haiti PAP Project,YT41,"Wire, Stainless Steel, Orthodontic, 14in x 0.051in",100
Haiti PAP Project,YU12,"Gentamicin, eye drops, 0.3%, 5 ml",78
Haiti PAP Project,YU25,"Cap, Surgeon, Nonsterile, Single use",73
Haiti PAP Project,YU88,"Light box, X-ray, 21in x 22in, 120V",67
Haiti PAP Project,YV45,"Pencil, Wax",71
Haiti PAP Project,YX23,"Dispenser, Soap",59
Haiti PAP Project,YY10,"Box, Cryogenic Storage, 100 Vial Capacity",80
Haiti PAP Project,YY11,"Bisacodyl, 5mg, enteric coated tablet",98
Haiti PAP Project,YY55,"Benzoic acid 6% + salicylic acid 3%, ointment, 40 gram tube",98
Haiti PAP Project,YY57,"Dexamethasone 0.1 %/polymyxin B/neomycin sulphate 1 % ear-drops, 10.5 mL bottle",98
Haiti PAP Project,YZ64,"Needle, Biopsy, Core tissue, 18 gauge x 13 cm",96
Haiti PAP Project,ZA75,"Paclitaxel, 6mg/mL, 50mL vial",115
Haiti PAP Project,ZA99,"Cold compress, Instant, 5 x 7 in, Latex-free, Disposable",135
Haiti PAP Project,ZB15,"Suture, Polysorb 4-0 (lactomer), C-13, Cutting, Braided, Absorbable, 30in",59
Haiti PAP Project,ZB18,"Goggles, Protective, Polycarbonate",73
Haiti PAP Project,ZB44,"Test kit, Urine hCG dipstick (pregnancy test)",59
Haiti PAP Project,ZB80,"Tube, Endotracheal, Cuffed, Murphy eye, Magill curve, Nasal/oral, Sterile, 4.5mm",65
Haiti PAP Project,ZD68,"Paper, Thermal, for DASH patient monitor",65
Haiti PAP Project,ZD91,"Electrode, Loop, 5mm x 5mm",65
Haiti PAP Project,ZE11,"Fixative, Cytology, Spray, 4oz",65
Haiti PAP Project,ZE35,"Bin, Sharps, 8 qt",135
Haiti PAP Project,ZE99,"Pipe Cleaner, Cannula, 0.25in X 12 in ",77
Haiti PAP Project,ZG16,"Suture, Dermalon 3-0 (nylon), C-13, Reverse cutting, Monofilament, Non-absorbable, 18in",59
Haiti PAP Project,ZK39,Nourimanba Labels,100
Haiti PAP Project,ZM72,"Tape, Paper, Hypoallergenic, 2 in x 10 yd",135
Haiti PAP Project,ZN98,"Petri dish, 100 x 15mm, Sterilized",73
Haiti PAP Project,ZP03,Donated  supplies for Dr. Chery,82
Haiti PAP Project,ZP43,"Multi-Cuvettes, 15 segment rack",42
Haiti PAP Project,ZQ02,"Triglycerides, GPO Liquid",42
Haiti PAP Project,ZQ88,"Pipette, Transfer, Nongraduated, Disposable, 7.7mL",65
Haiti PAP Project,ZR64,"Bag, for Chemotherapy waste, 31in x 41in, 30-33 gallon ",90
Haiti PAP Project,ZS14,Sodium Phosphate Dibasic Anhydrous,80
Haiti PAP Project,ZS40,"Meter, PH,  Bench Top",80
Haiti PAP Project,ZS48,"Otoscope tip, Single-use, 2.75mm",65
Haiti PAP Project,ZS94,"Mask, Oxygen, Medium concentration, Elongated, with 7ft tubing, Adult",90
Haiti PAP Project,ZV20,"Blade, Laryngoscope, Miller, Size 0, Baby",98
Haiti PAP Project,ZV56,"Etomidate, 2 mg/mL, 10 mL ampoule",98
Haiti PAP Project,ZV89,"Test Tube Rack, 48 holes",96
Haiti PAP Project,ZX37,"Bandage, Butterfly, Sterile, Medium",135
Haiti PAP Project,ZY24,"Morphine sulfate, 10mg, immediate release tablet",52
Haiti PAP Project,ZZ38,"Algae Inhibitor, Water Bath 8 oz",64
Haiti PAP Project,ZZ39,"Diphenhydramine Hydrochloride 12.5mg/5mL, 120mL",135
Liberia,AA70,"Oral rehydration salts (ORS), 20.5 gram (for 1 litre) sachet",53
Liberia,AC94,"Tshirt, Large",52
Liberia,AJ26,"Tablet bags, Plastic, Resealable, 520 x 150 x 0.05 mm",53
Liberia,AN22,"Tape, Packing, Grey, 5 cm x 25 m",53
Liberia,AQ03,"Eyewash station, Wallmounting, with Eyewash solution, Sodium chloride 0.9 %",53
Liberia,AR47,"Battery, Backup, Universal smartphone/USB device",54
Liberia,AT29,"Safety glasses, Polycarbonate",53
Liberia,BE89,"marker, permanent, square tip, black, W10",53
Liberia,BG25,"Funnel, Polypropylene, Diameter 150 mm",77
Liberia,BH92,"Spoon, disposable",53
Liberia,BM56,Catheter Insertion Kit,57
Liberia,BN29,"Albuterol Sulfate Inhaler, 90mcg",57
Liberia,BR62,"Metronidazole, 500 mg",53
Liberia,BT39,"Land Cruiser 78, Ambulance, Hardtop, 3 Seater",80
Liberia,BU26,"Catheter, I.V., PUR, w/safety clip, Wings, 20 G x 33 mm, Pink",53
Liberia,BY88,"Metronidazole, 5 mg/mL, 100 mL bottle for intravenous infusion",57
Liberia,CD33,"Metoclopramide hydrochloride, 10mg, tablet",53
Liberia,CK69,"Paracetamol 120 mg/5 ml suspension, 100 ml",53
Liberia,CU10,"Doxycycline hyclate, 100mg, tablet",57
Liberia,DX45,"Ceftriaxone, 1 gram, powder for injection",53
Liberia,EB29,"Oxytocin, 10 international units/mL, 1 mL ampoule",53
Liberia,EC94,"Handsanitizer, Alcohol-based, with pump, 250 ml",74
Liberia,ED45,"Test tablets, total chlorine, DPD3",77
Liberia,EJ53,"Co-trimoxazole, 400/80 mg",53
Liberia,ES13,"Catheter, I.V., PUR, w/safety clip, Wings, 24 G x 19 mm, Yellow",53
Liberia,ET68,"Cimetidine, 200 mg, tablet",53
Liberia,EZ46,"Cup, Drinking, Polypropylene, 350 ml, Green",53
Liberia,EZ55,"Bag, Waste, 120 L, 70 x 110 cm, 70 micron thick, LDPE, Black",53
Liberia,FB44,"Stethoscope, Binaural, Standard, Dual head",53
Liberia,FB65,"rope, nylon, braided, 1 mm x 100 m",53
Liberia,FH37,"Haloperidol, 5 mg, tablet",57
Liberia,FJ52,"Dextrose 5 % in sodium chloride 0.45 %, intravenous infusion, 500 mL bottle",77
Liberia,FQ11,"Test tablets, free chlorine, DPD1 ",77
Liberia,FU87,"Cotton wool, 500g",53
Liberia,GC76,"Weighing scale, Adult, 150 kg max",53
Liberia,GC82,"Test kit, Chlorine and pH, Complete set",77
Liberia,GD29,"Cup, Drinking, Polypropylene, 350 ml, Red",53
Liberia,GJ46,"Bucket, Plastic, 10 L, with Lid",53
Liberia,GM82,"Atovaquone/Proguanil hydrochloride, 250 mg/100 mg, Film coated",77
Liberia,GP40,"Sodium dichloroisocyanurate/Chlorine, 1.67 g/1 g (water purification tablet)",53
Liberia,GQ74,"Ciprofloxacin, 100mg/mL, 5mL",57
Liberia,GU92,"Infusion set, Scalp vein, Safety model, 25 G x 13 mm, 30 cm tubing",53
Liberia,GY22,"Sprayer, Insecticides, 12 litres, Polypropylene tank, Backpackmodel",53
Liberia,HA07,"Dextrose, 50 % in water, 50 mL vial",53
Liberia,HF79,"Tshirt, Small",52
Liberia,HJ45,"Calcium lactate, 300 mg",53
Liberia,HJ60,"Albendazole, 400 mg, Chewable, Flavoured",53
Liberia,HM12,"Infusion giving set, with air release and 18G needle (for bags/bottles) (IV tubing)",53
Liberia,HP65,"Anti-snake venom serum, Polyvalent, Lyophilised + solvent, 10 ml",65
Liberia,HV04,"Gloves, Kitchen, Rubber, Non-disposable, Large",53
Liberia,JC87,"Bag, waste, 60 L, 90 x 60 cm, 100 micron thick",77
Liberia,JY51,"Milkpowder infant formula 1, Iron fortified, with Spoon, 400 g, 0-6 months",77
Liberia,JZ99,"Metronidazole, 5 mg/mL, 100 mL bottle for intravenous infusion",53
Liberia,KF63,"Test, Malaria, Rapid, P. falciparum",53
Liberia,KG59,"Loperamide hydrochloride, 2 mg, tablet",53
Liberia,KJ54,"Syringe, Hypodermic, Luer, 2-part, 2 ml, Sterile, Disposable",53
Liberia,KV66,"container, food-proof plastic, with lid, no tap, 125 liters",53
Liberia,MD26,"Laptop, Lenovo, Thinkpad T440",55
Liberia,MD48,"Needle, Hypodermic, Luer, 21 G x 1.5 in (0.8 x 40 mm), Disposable",53
Liberia,MJ64,"Waste bin, Plastic, w/lid, 100 liters, on wheels",53
Liberia,MP20,"Land cruiser 79, Pick-up, Double cabin, 6 seater, Air conditioning",89
Liberia,MP51,"Label, Self-adhesive, 210 x 297 mm",53
Liberia,MR55,"Tape, Packing, 5 cm x 66 m, Transparent",53
Liberia,MT73,"Ringer's lactate, intravenous infusion, 1000 mL bottle",53
Liberia,MX41,"Omeprazole, 20 mg, delayed release capsule",57
Liberia,MX87,"Tube, Blood collection, Vacuum, K2 EDTA, 2ml",53
Liberia,MZ27,"Jerry can, stackable, 20 liters, food approved plastic, HDPE, with cap",53
Liberia,ND16,"Basin, Kidney, Stainless steel, 25cm, 825mL",53
Liberia,NF96,"Test tablets, Chlorine testing, Phenol red",77
Liberia,NH43,"Handsanitizer, Alcohol based, 500 ml",53
Liberia,NK28,"Brush, Hand, Surgeon, Plastic block with nylon bristles",53
Liberia,NZ21,Ondansetron 8mg tablets,57
Liberia,PB03,"Sodium chloride, 0.9 % intravenous infusion, 500 mL bottle",53
Liberia,PE50,"Zinc sulphate monohydrate, 54.9mg (elemental zinc 20mg), dispersible tablet",53
Liberia,PG21,"Catheter, I.V., PUR, w/safety clip, Wings, 22 G x 25 mm, Blue",53
Liberia,PG70,"Tshirt, Medium",52
Liberia,PJ78,"Urine test strips, 10 detections",53
Liberia,PR64,"Laptop case, with Handle and shoulder strap, Dobby Nylon, Black and gray ",53
Liberia,PV11,"Bed sheet, Incontinence, 60 x 60 cm, 12 layers",53
Liberia,QT98,"Tablet bags, Plastic, Resealable, 60 x 80 x 0.05 mm, with Pictograms",53
Liberia,QV07,"Syringe, Hypodermic, Luer, 3-part, Single use, 60mL",53
Liberia,QV59,"Syringe, Hypodermic, Luer, 2-part, Sterile, Single use, 5mL",53
Liberia,QX40,"Syringe, Hypodermic, Luer, 2-part, Sterile, Single use, 10mL",53
Liberia,QY38,"Land cruiser 76, Hardtop, 10 seater, 5 door, Air conditioning",89
Liberia,RJ75,"Infusion set, Scalp vein, Safety model, 19 G x 19 mm, 30 cm tubing",77
Liberia,RK42,"Lamivudine (3TC), 150 mg",77
Liberia,RQ84,US Aid and Partners in Health Vehicle Logos,63
Liberia,RX26,"Tap, for KV66 container, food-proof plastic, with lid, no tap, 125 liters",53
Liberia,SE85,"Metoclopramide hydrochloride, 5 mg/mL, 2 mL ampoule",53
Liberia,SH83,"Ondansetron, 4mg, tablet",57
Liberia,SP73,"Adrenaline, 1 mg/mL, 1 mL ampoule",53
Liberia,SP81,"Needle, Hypodermic, Luer, 19 G x 1.5 in (1.10 x 40 mm), Disposable",53
Liberia,SR80,"Toliet paper, 2 ply, 200 sheets/roll",53
Liberia,ST67,"rope, polypropylene multifilament, braided, 6 mm x 220 m",53
Liberia,ST85,"Jerry can, stackable, 5 liters, food grade HDPE, with cap",53
Liberia,SZ44,"Cimetidine, 300mg, tablet",57
Liberia,TD76,"Thermometer, Electronic, Digital display",53
Liberia,TU11,"Box, for Used needles, Clear top, 133 x 160 x 133 mm, 1.5 litres,",53
Liberia,TU96,"Jug, Measuring, with Ear and spout, Plastic, 1 liter",77
Liberia,UC19,"Tshirt, Extra large",52
Liberia,UD00,"Catheter, I.V., PUR, with Safety clip, 18 G x 33 mm, Green",53
Liberia,UJ98,"Phone, Satellite",60
Liberia,US84,"Milk powder, Energy density 100 kcal/100 ml, 114 g",53
Liberia,UU36,"Marker, Permanent, Square tip, Green, W10",53
Liberia,UU74,"Broom, with dust pan, long handle",53
Liberia,UU86,"Apron, Surgical, Plastic, Heavy duty, 68 x 118 cm",53
Liberia,VH99,"Paracetamol, 500 mg",53
Liberia,VN08,"Vitamin A, 200,000 international units + Vitamin E, 40 international units, capsule",53
Liberia,VP71,"squeegee, with broomstick, 45 cm",53
Liberia,XH04,"Crepe bandage, 10 cm x 4 m",77
Liberia,XK22,"Soap, Toliet, 100 g",53
Liberia,XM89,"Marker, Permanent, Square tip, Red, W10",53
Liberia,YP18,"Syringe, Hypodermic, Luer, 2-part, 2 ml, Sterile, Disposable",53
Liberia,YQ12,"Haloperidol, 5 mg, tablet",53
Liberia,YT62,"Amoxicillin, 500 mg",53
Liberia,YZ63,"Laptop case, with Handle and shoulder strap, Polyester, Black",53
Liberia,ZE48,"Propranolol hydrochloride, 40 mg, tablet",57
Liberia,ZN90,"Vitamin C, 250 mg",53
Liberia,ZU72,"Broom, Nylon bristles, Wooden stick ",53
Liberia,ZV06,"Infusion set, Scalp vein, Safety model, 22 G x 19 mm, 30 cm tubing",53
Liberia,ZX61,"Laptop case, with Handle, Neoprene, Black",53
Liberia,ZZ27,"Sprayer, Handmodel, Plastic, 1 Liter",53
Sierra Leone,AC94,"Tshirt, Large",66
Sierra Leone,AN22,"Tape, Packing, Grey, 5 cm x 25 m",54
Sierra Leone,AQ03,"Eyewash station, Wallmounting, with Eyewash solution, Sodium chloride 0.9 %",54
Sierra Leone,AT29,"Safety glasses, Polycarbonate",54
Sierra Leone,AY04,"Jug, Measuring, with Ear and spout, Plastic, 1 liter",54
Sierra Leone,BE89,"marker, permanent, square tip, black, W10",54
Sierra Leone,BH92,"Spoon, disposable",54
Sierra Leone,BK65,"Measure, Plastic, 20 ml, for Calcium hypochlorite",54
Sierra Leone,BN55,"Body bag, pediatric, 91.5 x 153 cm (36 x 60 in), 7 mil, white HD PEVA, zipperlock, toe tags",54
Sierra Leone,BS72,"Ford Ranger, Double Cab pickup, 3.2L, Manual transmission, 6 speed",71
Sierra Leone,CE02,"Tape, Packing, 5 cm x 66 m, Transparent",54
Sierra Leone,CE44,"Pillow, for use with fabric cover MA93",132
Sierra Leone,CJ89,"Cleaner, Lens, Anti-fog, 103 mL",54
Sierra Leone,CN85,"Powder, Talc, 100g",54
Sierra Leone,CV36,Personal item,52
Sierra Leone,CY14,"Scrub set, Unisex, 55/45 % Polyester/Cotton, V-neck top &amp; pants, Medium",54
Sierra Leone,CZ68,"Cooler, Box, 10 L, 310 x 350 x 225 mm",132
Sierra Leone,DN85,"Bag, Plastic, Biohazardous materials, 40 x 78 cm, 0.05 mm thick, Autoclavable",54
Sierra Leone,DZ97,"Glove, Surgical, Sterile, Latex, Powdered, Size 6.5",54
Sierra Leone,ED62,"Gloves, Surgical, Latex, Powdered, Sterile, Size 6.5",54
Sierra Leone,EZ46,"Cup, Drinking, Polypropylene, 350 ml, Green",54
Sierra Leone,EZ55,"Bag, Waste, 120 L, 70 x 110 cm, 70 micron thick, LDPE, Black",54
Sierra Leone,FA44,"Face mask, 3-ply, Non-woven, Air permeable, 4 ties ",54
Sierra Leone,FB65,"rope, nylon, braided, 1 mm x 100 m",54
Sierra Leone,FN80,"Boots, PVC, 38.5 cm high, Black, Size 40",54
Sierra Leone,GD29,"Cup, Drinking, Polypropylene, 350 ml, Red",54
Sierra Leone,GJ46,"Bucket, Plastic, 10 L, with Lid",54
Sierra Leone,GS20,"Boots, PVC, 38.5 cm high, Black, Size 37",54
Sierra Leone,GV94,"Sheeting, Plastic, 4 x 60 m, White",54
Sierra Leone,GY22,"Sprayer, Insecticides, 12 litres, Polypropylene tank, Backpackmodel",54
Sierra Leone,HA53,"Cooler, Box, 28 L, 350 x 380 x 220 mm",132
Sierra Leone,HF79,"Tshirt, Small",66
Sierra Leone,HP65,"Anti-snake venom serum, Polyvalent, Lyophilised + solvent, 10 ml",54
Sierra Leone,HS22,"Mirror, standing, 39 x 22 cm",54
Sierra Leone,HT69,"Washing machine, 44 liters/5 kg, 1200 rpm spin",54
Sierra Leone,HV04,"Gloves, Kitchen, Rubber, Non-disposable, Large",54
Sierra Leone,JC76,"Gloves, Heavy duty, Nitrile, Long cuff , Size 9 (M) ",54
Sierra Leone,JK68,"Scrub set, Unisex, 55/45 % Polyester/Cotton, V-neck top &amp;amp; pants, Small ",54
Sierra Leone,JT51,"Glove, Surgical, Sterile, Latex, Powdered, Size 8.5",54
Sierra Leone,KG84,"Bucket, Waste, plastic, with Step-on foot lever, 12 L",54
Sierra Leone,KR93,"Glove, Surgical, Sterile, Latex, Powdered, Size 7.5",54
Sierra Leone,KV66,"container, food-proof plastic, with lid, no tap, 125 liters",54
Sierra Leone,MA93,"Pillow Cover, white, zip, blood, urine, and water resistant, for use with product CE44",132
Sierra Leone,MD26,"Laptop, Lenovo, Thinkpad T440",50
Sierra Leone,MJ64,"Waste bin, Plastic, w/lid, 100 liters, on wheels",54
Sierra Leone,MR55,"Tape, Packing, 5 cm x 66 m, Transparent",54
Sierra Leone,NB67,"Gloves, Heavy duty, Nitrile, Long cuff , Size 10 (L) ",54
Sierra Leone,NK28,"Brush, Hand, Surgeon, Plastic block with nylon bristles",54
Sierra Leone,NX45,"Pads, Absorbent, for Bodybags/mortuaries, 60 x 90 cm, Capacity &amp;gt; 1.5 litres",54
Sierra Leone,PD57,"Marker, Permanent, Round tip, Orange, Edding 400",54
Sierra Leone,PG70,"Tshirt, Medium",66
Sierra Leone,QC26,"Boots, PVC, 38.5 cm high, Black, Size 43",54
Sierra Leone,QC89,"Bucket, Plastic, 10 L, with Lid",54
Sierra Leone,QZ46,"Boots, PVC, 38.5 cm high, Black, Size 38",54
Sierra Leone,RE37,"Gloves, Gynaecological, Latex, 15.5 inch, Sterile, Size 8.5",54
Sierra Leone,RE44,"Tape, cloth, 19 mm x 50 m, Acrylic coated",54
Sierra Leone,RX26,"Tap, for KV66 container, food-proof plastic, with lid, no tap, 125 liters",54
Sierra Leone,RZ20,"Ice pack, 20 x 17 x 3cm, 740g",132
Sierra Leone,SB65,"Scrub set, Unisex, 55/45 % Polyester/Cotton, V-neck top &amp; pants, Extra large",54
Sierra Leone,SJ74,"Boots, PVC, 38.5 cm high, Black, Size 42",54
Sierra Leone,SR80,"Toliet paper, 2 ply, 200 sheets/roll",54
Sierra Leone,SS09,"Sprayer, Insecticides, 1 litres, Handmodel, Chemically resistant tank",54
Sierra Leone,ST67,"rope, polypropylene multifilament, braided, 6 mm x 220 m",54
Sierra Leone,SU00,"Gloves, Gynaecological, Latex, 15.5 inch, Sterile, Size 7.5",54
Sierra Leone,TA57,"Gloves, Exam, Nitrile, Non-sterile, Disposable, Large",54
Sierra Leone,TG57,"Gloves, Exam, Nitrile, Non-sterile, Disposable, Small",54
Sierra Leone,TX74,"Boots, PVC, 38.5 cm high, Black, Size 44",54
Sierra Leone,UC19,"Tshirt, Extra large",66
Sierra Leone,UJ98,"Phone, Satellite",52
Sierra Leone,US57,"Ultrasound, kit",52
Sierra Leone,UU36,"Marker, Permanent, Square tip, Green, W10",54
Sierra Leone,UU74,"Broom, with dust pan, long handle",54
Sierra Leone,UU86,"Apron, Surgical, Plastic, Heavy duty, 68 x 118 cm",54
Sierra Leone,VN28,"Mirror, wall-mounting, 196 x 78 cm",54
Sierra Leone,VP71,"squeegee, with broomstick, 45 cm",54
Sierra Leone,XH68,"Gloves, Exam, Nitrile, Non-sterile, Disposable, Medium",54
Sierra Leone,XK22,"Soap, Toliet, 100 g",54
Sierra Leone,XM89,"Marker, Permanent, Square tip, Red, W10",54
Sierra Leone,YF86,"Gloves, Heavy duty, Nitrile, Long cuff , Size 8 (S) ",54
Sierra Leone,YP08,"Tape, Duct, Extra strong, Grey, 50 mm x 50 m",54
Sierra Leone,ZJ89,"Soap, Toilet, 100g",54
Sierra Leone,ZR71,"Head cover, Hooded, Non-woven, Polyethylene, Antistatic, White",54
Sierra Leone,ZU72,"Broom, Nylon bristles, Wooden stick ",54
Sierra Leone,ZZ27,"Sprayer, Handmodel, Plastic, 1 Liter",54
